c,sigma,sigma_prime,kappa,phat_one,m,identity_relerr,residual
0.2,0.028791210573711028,0.152518926976488,0.958304681350065,-6.283185307179587,9.935619543195623,3.1785218286904316e-10,8.992806499463768e-15
0.201,0.028943866237766958,0.15279190113513513,0.9600198286421702,-6.283185307179587,9.943642698635157,3.8942222713801096e-10,9.43689570931383e-15
0.202,0.029096793440291507,0.15306206707911033,0.9617173313838361,-6.283185307179585,9.951924217703448,4.427849119182086e-10,7.993605777301127e-15
0.203,0.029249989556816916,0.1533297866772822,0.9633994632657519,-6.283185307179587,9.96044639566534,4.796265247277664e-10,1.0047518372857667e-14
0.204,0.02940345230850449,0.1535953899425164,0.9650682978214596,-6.283185307179587,9.969193901585221,5.016445985644736e-10,8.326672684688674e-15
0.205,0.029557179732058528,0.15385917846888209,0.9667257300239676,-6.283185307179585,9.97815340596734,5.105544021649588e-10,9.103828801926284e-15
0.206,0.0297111701528504,0.1541214284970797,0.9683734955463739,-6.283185307179585,9.987313275868482,5.080620045499854e-10,9.103828801926284e-15
0.207,0.02986542216096654,0.1543823936168599,0.9700131877708743,-6.283185307179585,9.996663348642233,5.259771454903157e-10,8.659739592076221e-15
0.208,0.03001993458978411,0.15464230724737144,0.9716462731936732,-6.283185307179585,10.006194682117654,4.4114603736364114e-10,7.93809462606987e-15
0.209,0.030174706496891763,0.15490138467498246,0.9732741046820602,-6.283185307179585,10.01589944587506,4.422571828118627e-10,7.105427357601002e-15
0.21,0.03032973714695586,0.1551598251132816,0.9748979338228402,-6.283185307179585,10.025770688357941,4.169822716179213e-10,8.992806499463768e-15
0.211,0.030485025996490243,0.1554178132428621,0.9765189211195273,-6.283185307179585,10.035802318865557,4.894890410170338e-10,4.019354293838262e-14
0.212,0.030640572680094142,0.15567552089006031,0.9781381458727633,-6.283185307179587,10.045988883236388,3.3615642864885493e-10,2.8987229283572447e-14
0.213,0.030796376998236404,0.15593310808694402,0.9797566139507469,-6.283185307179585,10.05632559917557,3.2254336266151657e-10,1.0436096431476471e-14
0.214,0.03095243890611185,0.15619072449687546,0.9813752655694399,-6.283185307179587,10.066808168131512,2.9849665096880223e-10,3.019112737590035e-14
0.215,0.031108758503786155,0.15644851027168707,0.9829949813160408,-6.283185307179585,10.077432792122114,2.511122712400424e-10,8.215650382226158e-15
0.216,0.031265336027055064,0.15670659697240294,0.9846165879216537,-6.2831853071795845,10.088196102392782,2.910156057611772e-10,4.7906123512575505e-14
0.217,0.031422171839429254,0.15696510845714912,0.9862408633812624,-6.283185307179585,10.099095029496644,1.860124006113717e-10,2.2440382885235977e-14
0.218,0.03157926642450453,0.15722416131912426,0.9878685404798782,-6.283185307179585,10.110126999737208,1.4771572491266055e-10,2.837452495185744e-13
0.219,0.03173662037936865,0.15748386582457058,0.989500312074082,-6.283185307179585,10.121289464581716,2.094985138160054e-10,1.7272294705605873e-13
0.22,0.03189423440813432,0.1577443260527383,0.9911368318325792,-6.283185307179585,10.132580574530909,8.7846618824127e-11,3.9114544936325046e-14
0.221,0.032052109316399804,0.1580056408133906,0.9927787208524832,-6.283185307179585,10.14399814093729,4.25999066076319e-11,1.0325074129013956e-14
0.222,0.0322102460057257,0.1582679033675641,0.9944265650569745,-6.283185307179587,10.15554097841639,1.9887801215789575e-11,1.4765966227514582e-14
0.223,0.032368645468820026,0.158531202765335,0.9960809239492243,-6.283185307179587,10.167207173240014,4.58141563674075e-12,8.104628079763643e-15
0.224,0.03252730878486718,0.15879562292711266,0.9977423248101289,-6.283185307179585,10.178996086564835,9.957533657054048e-12,9.43689570931383e-15
0.225,0.03268623711514053,0.15906124429961233,0.9994112731033112,-6.283185307179588,10.190906130706178,2.1728754663498155e-11,1.0269562977782698e-14
0.226,0.03284543169917445,0.1593281427251043,1.0010882453596115,-6.283185307179587,10.202936969863114,3.094221579714084e-11,1.5210055437364645e-14
0.227,0.03300489385055942,0.15959639092260672,1.002773698485866,-6.283185307179585,10.215087564313762,3.784090939492497e-11,7.577272143066693e-15
0.228,0.03316462495396164,0.15986605782978436,1.0044680656299558,-6.283185307179587,10.22735751033639,4.267680457208238e-11,9.880984919163893e-15
0.229,0.03332462646102917,0.16013720912052312,1.0061717594328357,-6.283185307179587,10.239746633846222,4.569807110594408e-11,1.1657341758564144e-14
0.23,0.033484899888098996,0.16040990791848425,1.0078851765119163,-6.283185307179585,10.252254121340966,4.716231561375906e-11,1.099120794378905e-14
0.231,0.033645446812482535,0.16068421360731758,1.0096086899854437,-6.283185307179587,10.264880824040258,4.730591438369447e-11,9.103828801926284e-15
0.232,0.0338062688704276,0.16096018441474144,1.0113426657087403,-6.283185307179588,10.277625528344254,4.6354274352887804e-11,1.1546319456101628e-14
0.233,0.03396736775442414,0.1612378746397368,1.0130874448521712,-6.283185307179587,10.29048976096596,4.450481296570083e-11,9.992007221626409e-15
0.234,0.034128745210928235,0.16151733837102691,1.0148433672650226,-6.283185307179587,10.303472537603954,4.1944901496765796e-11,1.4765966227514582e-14
0.235,0.03429040303940887,0.16179862685467872,1.0166107549356695,-6.283185307179587,10.316575066528058,3.883533470492876e-11,1.3156142841808105e-14
0.236,0.034452343089899105,0.1620817911564013,1.018389928719271,-6.283185307179588,10.329797589970974,3.5330384527692186e-11,1.0935696792557792e-14
0.237,0.034614567264125574,0.16236688256822032,1.0201812108929886,-6.283185307179587,10.343139766243702,3.1569569622585066e-11,1.099120794378905e-14
0.238,0.03477707751424979,0.16265395190140586,1.0219849207132952,-6.283185307179585,10.356603247052043,2.7704058097109797e-11,9.880984919163893e-15
0.239,0.03493987584573484,0.16294305451395097,1.0238014060045517,-6.2831853071795845,10.370185296245305,2.3898282296357484e-11,7.896461262646426e-15
0.24,0.035102964319373445,0.16323424573126544,1.0256310143863838,-6.283185307179585,10.383886511864263,2.032417421893162e-11,1.4377388168895777e-14
0.241,0.035266345053589165,0.16352758592520855,1.0274741251861754,-6.283185307179587,10.397701313922198,1.7170585231247325e-11,1.0436096431476471e-14
0.242,0.03543002022633313,0.1638231310162331,1.029331089762306,-6.283185307179588,10.411625096848235,1.4617656760750792e-11,1.0769163338864018e-14
0.243,0.03559399206501558,0.16412092347935492,1.031202174993033,-6.283185307179585,10.425653563434352,1.2795745555511745e-11,1.2101430968414206e-14
0.244,0.03575826282830622,0.16442097946412854,1.0330874823489524,-6.283185307179585,10.439785165898643,1.1747593672948515e-11,1.8596235662471372e-14
0.245,0.03592283477148643,0.164723277790002,1.0349868787487875,-6.283185307179585,10.45403337147991,1.1415168231890052e-11,1.4876988529977098e-14
0.246,0.03608771011996327,0.16502778450300867,1.0369001508536135,-6.283185307179587,10.468410285921124,1.1659427953848378e-11,1.3433698597964394e-14
0.247,0.03625289106760052,0.16533447380661948,1.0388271365792392,-6.283185307179587,10.482930055957254,1.2302976082053628e-11,9.936496070395151e-15
0.248,0.03641837979704042,0.16564335255919105,1.0407678790181543,-6.283185307179587,10.497594916555869,1.318569206377891e-11,1.0436096431476471e-14
0.249,0.036584178514368924,0.16595445642539197,1.0427226022582163,-6.283185307179587,10.51239948402428,1.4175878913181313e-11,8.992806499463768e-15
0.25,0.03675028946693233,0.16626783197790654,1.0446915989243117,-6.283185307179587,10.52734295093614,1.519573527787036e-11,1.4099832412739488e-14
0.251,0.03691671495452964,0.1665835355991287,1.0466752232775294,-6.283185307179587,10.54241650872951,1.6188192225748618e-11,1.509903313490213e-14
0.252,0.03708345733010766,0.16690161525016772,1.04867377666643,-6.283185307179587,10.557621898008524,1.7130491022339365e-11,1.0158540675320182e-14
0.253,0.03725051899278131,0.16722211807996967,1.050687555336598,-6.283185307179587,10.572956993759966,1.8004909365655205e-11,1.787459069646502e-14
0.254,0.037417902388644744,0.16754508751228842,1.052716832127527,-6.283185307179587,10.588419399017788,1.880989566549764e-11,1.0769163338864018e-14
0.255,0.03758561000131164,0.16787055796064196,1.054761823268536,-6.283185307179587,10.604015014140106,1.6884253013556873e-11,9.173217740965356e-15
0.256,0.03775364435165249,0.1681985690418131,1.0568227776575834,-6.283185307179587,10.619738139561417,3.2709482487520124e-11,1.1907141939104804e-14
0.257,0.03792200799609002,0.16852915041862135,1.0588998817081519,-6.283185307179585,10.6355944632499,3.171973274559932e-11,1.1102230246251565e-14
0.258,0.03809070351981815,0.1688623339420624,1.060993335535535,-6.283185307179587,10.651584307632362,2.3830914257395783e-11,1.2878587085651816e-14
0.259,0.03825973354256971,0.1691981526337006,1.0631033466046818,-6.283185307179587,10.667704510281634,2.381243878419336e-11,1.099120794378905e-14
0.26,0.038429100711238916,0.16953663052685883,1.0652300659279108,-6.283185307179587,10.683963743806988,2.5518358379374912e-11,1.3766765505351941e-14
0.261,0.03859880770155626,0.16987780164456281,1.0673737072938276,-6.283185307179587,10.70035536472026,1.4294707582679138e-11,1.1435297153639112e-14
0.262,0.03876885722073707,0.17022169143957508,1.069534430591171,-6.283185307179585,10.716884393468648,2.358434324077466e-11,1.0658141036401503e-14
0.263,0.038939251999307714,0.1705683263505827,1.0717124019712738,-6.283185307179585,10.733554081806806,2.3252361286213655e-11,1.021405182655144e-14
0.264,0.03910999479982629,0.17091773955015044,1.0739078298535467,-6.283185307179585,10.750357652725263,2.263291868509168e-11,1.3655743202889425e-14
0.265,0.03928108841112345,0.1712699517015832,1.0761208440683891,-6.283185307179587,10.76730610142321,2.2633213405285142e-11,1.5432100042289676e-14
0.266,0.03945253564711409,0.17162499520209637,1.0783516481671684,-6.283185307179585,10.784393607423914,2.912798234283017e-11,2.120525977034049e-14
0.267,0.039624339354657936,0.17198289768746414,1.0806004158025193,-6.283185307179587,10.80162103700047,3.102499890606879e-11,1.9872992140790302e-14
0.268,0.03979650240251435,0.1723436812138025,1.0828672855593593,-6.283185307179587,10.818997339631881,2.6270296405277894e-11,1.509903313490213e-14
0.269,0.03996902768973633,0.17270738169053207,1.0851524830511996,-6.283185307179585,10.836511818809754,2.5994597957715733e-11,1.709743457922741e-14
0.27,0.04014191814509177,0.1730740202424924,1.0874561410150232,-6.2831853071795845,10.854174856829966,2.492717117149245e-11,1.4654943925052066e-14
0.271,0.04031517671900021,0.17344362550675313,1.089778439379748,-6.283185307179585,10.871986431235088,2.591502110387848e-11,1.4876988529977098e-14
0.272,0.040488806396643776,0.17381623132604293,1.0921195907936156,-6.283185307179587,10.889939255064743,2.1522955979369392e-11,1.9484414082171497e-14
0.273,0.04066281018756667,0.17419185606338516,1.0944797106213746,-6.283185307179585,10.908048151932675,2.4146809402016878e-11,2.2093438190040615e-14
0.274,0.0408371911272895,0.1745705357949037,1.0968590255400839,-6.283185307179587,10.926303219646318,3.0015908096165633e-11,2.2648549702353193e-14
0.275,0.041011952286764825,0.17495229792422998,1.0992577077547183,-6.283185307179587,10.944706933227573,1.8293478825030648e-11,2.6978419498391304e-14
0.276,0.04118709675734067,0.17533716389609577,1.1016758919681071,-6.283185307179587,10.963270482804127,2.394615118497123e-11,2.65898414397725e-14
0.277,0.041362627662951346,0.1757251737557219,1.1041138298146975,-6.283185307179585,10.981979189096197,2.6114901777139255e-11,2.9753977059954195e-14
0.278,0.0415385481594416,0.1761163479237415,1.1065716495907372,-6.283185307179588,11.000846132194031,3.41990761862461e-11,2.4091839634365897e-14
0.279,0.04171486142302045,0.17651071541148636,1.1090495336136874,-6.2831853071795845,11.019872715727523,1.760120423911585e-11,1.2712053631958042e-14
0.28,0.04189157066808551,0.17690831489507775,1.1115477248348145,-6.283185307179585,11.039047118920841,2.864242432036391e-11,1.5432100042289676e-14
0.281,0.042068679135216606,0.1773091629575903,1.1140663274919087,-6.283185307179585,11.058388638962548,2.830481610006283e-11,1.8540724511240114e-14
0.282,0.04224619008955258,0.17771329737657904,1.1166055789384937,-6.283185307179588,11.077887411735505,2.5492048916224195e-11,1.5265566588595902e-14
0.283,0.042424106836705375,0.1781207509956345,1.1191656855271812,-6.283185307179588,11.097540726186342,2.8935330746211387e-11,3.452793606584237e-14
0.284,0.04260243270328029,0.1785315415448436,1.1217467586718548,-6.2831853071795845,11.117367218724482,2.7482144766461932e-11,2.2870594307278225e-14
0.285,0.04278117104732839,0.1789457134654345,1.1243490775977358,-6.2831853071795845,11.13734882498082,2.7616024272804233e-11,1.970645868709653e-14
0.286,0.04296032526576304,0.17936329190326095,1.1269728002978303,-6.283185307179587,11.157494541758847,3.2034697114307826e-11,1.7208456881689926e-14
0.287,0.04313989877395752,0.1797843003378865,1.129618074320009,-6.283185307179585,11.177816034329568,2.1742961171569777e-11,3.7414515929867775e-14
0.288,0.04331989502608029,0.18020878586691055,1.1322851955547457,-6.283185307179587,11.198292709232978,2.552281478527728e-11,2.4980018054066022e-14
0.289,0.043500317510555275,0.1806367668216963,1.1349742791959005,-6.283185307179587,11.218944023127346,3.049123009558731e-11,2.5979218776228663e-14
0.29,0.04368116973526295,0.18106827525989494,1.1376855266826076,-6.283185307179588,11.239770880214213,2.3480583744422594e-11,2.3148150063434514e-14
0.291,0.04386245525272009,0.18150335665146541,1.140419223679653,-6.283185307179587,11.260756127717691,3.210285629940232e-11,1.9206858326015208e-14
0.292,0.04404417764377058,0.1819420253275496,1.143175460264457,-6.283185307179588,11.2819257873961,2.807898987688677e-11,2.220446049250313e-14
0.293,0.044226340512907636,0.18238432257857778,1.1459544958461674,-6.283185307179587,11.303269238625354,3.4429712476525664e-11,2.631228568361621e-14
0.294,0.044408947512512675,0.18283028890624733,1.1487565849410442,-6.2831853071795845,11.32477736594504,1.9227454553413025e-11,1.8207657603852567e-14
0.295,0.044592002317658676,0.18327993823964872,1.1515818150153931,-6.283185307179587,11.346477846867405,2.843897189209573e-11,2.0317081350640365e-14
0.296,0.044775508633432506,0.18373331993715952,1.1544304962375485,-6.283185307179587,11.368350235177122,2.6799868097068894e-11,2.2648549702353193e-14
0.297,0.044959470213253326,0.18419046771371844,1.1573028404348185,-6.283185307179587,11.390395956095245,2.2944233087666984e-11,2.4091839634365897e-14
0.298,0.04514389082905318,0.1846513984364792,1.1601989535799564,-6.283185307179588,11.41263978296367,2.266303883060222e-11,2.2426505097428162e-14
0.299,0.045328774290104346,0.1851161673381747,1.163119182709259,-6.283185307179587,11.43505457231136,2.6960287261400674e-11,2.7422508708241367e-14
0.3,0.04551412445206732,0.1855848009612674,1.1660636946046894,-6.283185307179587,11.45765277443643,2.6580105633203912e-11,2.6978419498391304e-14
0.301,0.0456999451869783,0.18605732166713018,1.1690326297586098,-6.283185307179587,11.480452847426445,2.8646563373298558e-11,2.786659791809143e-14
0.302,0.04588624041140077,0.18653378801917503,1.172026356131055,-6.283185307179587,11.503424489008516,3.718102555064392e-11,2.4202861936828413e-14
0.303,0.046073014084749536,0.1870142201070997,1.1750449999825483,-6.283185307179587,11.526590166217312,2.3854235967523793e-11,3.275157922644212e-14
0.304,0.0462602701827104,0.18749864733192426,1.1780887459999436,-6.283185307179587,11.549960009960195,2.7205011831942783e-11,4.0523140398818214e-14
0.305,0.046448012731886305,0.18798712926669592,1.1811579685067164,-6.283185307179585,11.57350376291125,3.4421146310331513e-11,3.452793606584237e-14
0.306,0.04663624579737215,0.18847968089689657,1.1842527616824545,-6.283185307179587,11.597252066047808,2.6027485710124848e-11,3.042011087472929e-14
0.307,0.04682497346215081,0.18897633926889557,1.187373358268072,-6.283185307179585,11.621205979302458,2.5970862852234865e-11,2.453592884421596e-14
0.308,0.04701419986538011,0.1894771631791205,1.1905201277022743,-6.283185307179587,11.645337750320794,2.590855831902445e-11,1.7319479184152442e-14
0.309,0.04720392918017417,0.1899821640538882,1.193693141778718,-6.283185307179587,11.669684099252589,2.5847688150896526e-11,2.8310687127941492e-14
0.31,0.04739416560042211,0.19049138649701935,1.1968926807514924,-6.283185307179587,11.694237219572566,2.577302646637183e-11,4.6407322429331543e-14
0.311,0.04758491338026705,0.19100488736941032,1.2001191018881232,-6.283185307179585,11.718973451422077,2.5703552793452492e-11,3.930189507173054e-14
0.312,0.04777617680357046,0.19152267597066908,1.20337246361979,-6.2831853071795845,11.743933662653474,2.5623360213826177e-11,3.752553823233029e-14
0.313,0.04796796017860181,0.19204480393841944,1.2066530903952404,-6.283185307179587,11.769101974608892,2.5542654865567994e-11,1.965094753586527e-14
0.314,0.048160267876944676,0.19257132563580667,1.2099613237881917,-6.283185307179587,11.794459588216968,2.5459237021916296e-11,2.8199664825478976e-14
0.315,0.048353104296249914,0.1931022493854441,1.213297216091163,-6.283185307179585,11.820049989809533,2.5374963563899584e-11,3.0309088572266774e-14
0.316,0.04854647386248887,0.1936376331129041,1.2166611312612652,-6.283185307179587,11.845850305056484,2.5286737156398245e-11,3.552713678800501e-14
0.317,0.048740381067274914,0.19417752862360838,1.220053394801563,-6.283185307179587,11.871846686370274,2.5192951891730317e-11,2.8477220581635265e-14
0.318,0.04893483042529349,0.19472194405132726,1.223474057818037,-6.283185307179588,11.898084207476405,2.5099285575304258e-11,2.90878432451791e-14
0.319,0.0491298264834151,0.19527094280770596,1.2269235187378114,-6.283185307179585,11.924534137955584,2.4999039457244254e-11,3.3306690738754696e-14
0.32,0.04932537385602829,0.19582457446568996,1.2304020890368856,-6.283185307179585,11.9511871563512,2.4896059381407445e-11,3.2862601528904634e-14
0.321,0.049521477178275826,0.19638284739429065,1.2339098212993054,-6.283185307179585,11.97808938910486,2.4793073982650416e-11,4.3076653355456074e-14
0.322,0.04971814112100472,0.196945829727482,1.2374471436234595,-6.283185307179585,12.005207326248247,2.4686134417311648e-11,2.9976021664879227e-14
0.323,0.04991537042428822,0.19751356941412831,1.241014357280944,-6.283185307179587,12.032535372386027,2.4578675696579016e-11,2.5646151868841116e-14
0.324,0.05011316984728958,0.1980860751589435,1.2446115169650889,-6.283185307179585,12.060120609430724,2.4470173737136678e-11,2.453592884421596e-14
0.325,0.05031154418782872,0.19866341912830718,1.2482390761106381,-6.283185307179587,12.087925715128302,2.4355655702197706e-11,4.6407322429331543e-14
0.326,0.05051049831475334,0.19924564846229012,1.2518973309073853,-6.283185307179587,12.115947749626889,2.4239255926470218e-11,2.9753977059954195e-14
0.327,0.050710037114882464,0.19983277204164251,1.2555863371547218,-6.283185307179587,12.144235002477455,2.4127541600727703e-11,2.842170943040401e-14
0.328,0.05091016551598056,0.20042486543860383,1.2593065696870474,-6.283185307179585,12.17274721251014,2.400812807113348e-11,3.985700658404312e-14
0.329,0.05111088851888992,0.20102197595785617,1.2630583257284276,-6.283185307179587,12.201482820673355,2.3896381134522407e-11,3.730349362740526e-14
0.33,0.05131221114183901,0.20162411231082572,1.266841660014385,-6.283185307179587,12.230491824174772,2.3777341687564675e-11,4.907185768843192e-14
0.331,0.051514138445476684,0.2022313528691956,1.270657064968722,-6.283185307179585,12.259731861591135,2.3655268527956835e-11,3.175237850427948e-14
0.332,0.05171667556595738,0.20284374620608306,1.2745048457853303,-6.283185307179587,12.289201312657683,2.3535419090645695e-11,3.630429290524262e-14
0.333,0.051919827656799464,0.20346130041431879,1.2783850533129668,-6.283185307179585,12.318952520165315,2.341448133224539e-11,3.952393967665557e-14
0.334,0.052123599914473316,0.2040840960136936,1.2822981934724,-6.283185307179587,12.348941914142339,2.32922919559763e-11,3.5638159090467525e-14
0.335,0.052327997613825554,0.204712184062987,1.2862445870754011,-6.283185307179587,12.379166225731165,2.316972914279831e-11,2.8976820942716586e-14
0.336,0.05253302604766688,0.20534557157352,1.2902242781753943,-6.283185307179587,12.409680799192925,2.3050935353376647e-11,3.241851231905457e-14
0.337,0.05273869055126931,0.20598434043979136,1.2942377813307018,-6.283185307179587,12.440441903750077,2.292729766950296e-11,3.589576552665008e-14
0.338,0.05294499654156163,0.20662854551813428,1.2982854412138176,-6.2831853071795845,12.471442913185083,2.2808271222572425e-11,4.5630166312093934e-14
0.339,0.05315194945477917,0.20727819236355183,1.3023672927278644,-6.283185307179587,12.50274271252451,2.2688365996843597e-11,4.3853809472693683e-14
0.34,0.05335955476805937,0.20793336327134124,1.3064838529494422,-6.283185307179588,12.53429871875337,2.256810057893661e-11,4.973799150320701e-14
0.341,0.053567818043749126,0.20859411826688815,1.31063549902917,-6.283185307179587,12.566099162785637,2.2449175633148856e-11,4.9404924595819466e-14
0.342,0.05377674486580732,0.2092604612786563,1.3148222556503122,-6.283185307179585,12.598206739968354,2.233276970910182e-11,6.972200594645983e-14
0.343,0.053986340856406204,0.20993247376023524,1.319044634600875,-6.283185307179585,12.630581675247296,2.221212599683748e-11,5.040412531798211e-14
0.344,0.05419661172655147,0.21061022227244358,1.3233030540948048,-6.283185307179585,12.663205278180587,2.20958454068542e-11,3.83026943495679e-14
0.345,0.05440756321235187,0.21129370928169736,1.327597529629055,-6.283185307179585,12.696143883022582,2.198004834910303e-11,6.650235917504688e-14
0.346,0.05461920108438392,0.21198301384673618,1.3319285579443334,-6.2831853071795845,12.729362591211032,2.186739874166859e-11,4.196643033083092e-14
0.347,0.054831531205380625,0.2126782103179547,1.336296606197949,-6.283185307179587,12.762834158657803,2.1757036798258154e-11,4.7628567756419216e-14
0.348,0.05504455946817452,0.21337930033658326,1.3407016847020579,-6.283185307179585,12.796627765359077,2.1646796097923624e-11,4.440892098500626e-14
0.349,0.05525829179534468,0.21408635870549078,1.3451442634569484,-6.283185307179585,12.830715863776204,2.1536511957672457e-11,3.752553823233029e-14
0.35,0.05547273420426074,0.21479946854962856,1.3496248647520883,-6.283185307179587,12.865061375152383,2.142947617180128e-11,5.206945985491984e-14
0.351,0.05568789274905958,0.2155186319231245,1.3541435014939471,-6.283185307179587,12.899734740054189,2.1322877747277367e-11,4.1300296516055823e-14
0.352,0.055903773508318495,0.21624391727407852,1.3587006037546208,-6.283185307179587,12.93471855261793,2.1216877981307346e-11,5.906386491005833e-14
0.353,0.056120382656711015,0.21697541701073728,1.3632967521522381,-6.283185307179585,12.969965240541628,2.11178229092904e-11,5.517808432387028e-14
0.354,0.05633772641424958,0.21771313553466198,1.3679319743426412,-6.283185307179587,13.005544001622228,2.101347648400734e-11,6.328271240363392e-14
0.355,0.05655581101990641,0.21845713275965262,1.3726066467753217,-6.283185307179585,13.041450473431686,2.091473398325028e-11,6.927791673660977e-14
0.356,0.056774642808199674,0.21920751016641474,1.3773214070723647,-6.2831853071795845,13.077626873094982,2.0817023178269903e-11,4.3520742565306136e-14
0.357,0.05699422816937182,0.21996427715973432,1.3820763143257881,-6.283185307179587,13.114137699080949,2.0717449244231772e-11,5.051514762044462e-14
0.358,0.05721457350773193,0.2207274831189503,1.3868716787951183,-6.283185307179587,13.1509943058741,2.0622279461086306e-11,5.67323965583455e-14
0.359,0.057435685320079984,0.22149723741700697,1.3917081876908377,-6.283185307179587,13.18813025378817,2.0528115951441306e-11,5.473399511402022e-14
0.36,0.05765757017088838,0.2222735577512669,1.3965859522087503,-6.283185307179585,13.225601044147183,2.043765780327952e-11,5.81756864903582e-14
0.361,0.05788023463529945,0.22305648150725008,1.4015052072490102,-6.283185307179587,13.263435719844093,2.03486528445762e-11,6.672440377997191e-14
0.362,0.05810368537491616,0.22384612359558928,1.4064666748164285,-6.283185307179587,13.301562281113846,2.0252084481791127e-11,5.417888360170764e-14
0.363,0.058327929131918504,0.22464251368696153,1.4114705413373425,-6.283185307179587,13.340022406919449,2.0165815000706513e-11,5.617728504603292e-14
0.364,0.05855297265824636,0.22544567669316043,1.416516963337194,-6.283185307179585,13.37886352193452,2.0070930313220332e-11,6.816769371198461e-14
0.365,0.05877882278319433,0.22625572944216152,1.4216066748677758,-6.283185307179587,13.418012830777922,1.998673208079281e-11,5.140332604014475e-14
0.366,0.0590054864293984,0.2270727172259441,1.4267399605070077,-6.283185307179587,13.45749339073932,1.9898169076330107e-11,5.773159728050814e-14
0.367,0.059232970531954754,0.22789665343946694,1.431916904417892,-6.283185307179587,13.497369819833429,1.980901679662222e-11,6.561418075534675e-14
0.368,0.05946128209132151,0.2287276520442449,1.4371382226417415,-6.283185307179587,13.537574831614293,1.972190648969129e-11,7.416289804496046e-14
0.369,0.05969042821256788,0.22956577696441918,1.4424043168257898,-6.283185307179587,13.578108879515021,1.9630353046356725e-11,6.727951529228449e-14
0.37,0.05992041602040843,0.2304110328540126,1.4477152162121123,-6.283185307179585,13.619050196559023,1.954284872670665e-11,6.461498003318411e-14
0.371,0.060151252690825247,0.2312635252308945,1.4530715837890567,-6.283185307179588,13.660344371861504,1.9445442592505153e-11,5.695444116327053e-14
0.372,0.060382945512617,0.2321233382900626,1.4584739485693714,-6.283185307179587,13.701967055559162,1.9353622527451647e-11,6.794564910705958e-14
0.373,0.06061550180622448,0.232990472720869,1.463922314884389,-6.283185307179585,13.744003879233539,1.9264150051157138e-11,6.994405055138486e-14
0.374,0.06084892892874954,0.23386501990747302,1.4694172569177322,-6.283185307179585,13.786420849857908,1.916642221380498e-11,8.326672684688674e-14
0.375,0.06108323435344034,0.2347470838275574,1.4749594279804374,-6.283185307179587,13.829169394406765,1.9069113039416762e-11,7.360778653264788e-14
0.376,0.06131842560185485,0.23563666782590467,1.4805488490883933,-6.283185307179587,13.872333880667965,1.897117704786178e-11,8.049116928532385e-14
0.377,0.06155451021905699,0.23653384432228902,1.4861859752684694,-6.283185307179587,13.915907178376251,1.8867545081468175e-11,6.483702463810914e-14
0.378,0.06179149586344029,0.23743873385951347,1.4918715639134268,-6.283185307179587,13.959820654369079,1.8763342559549646e-11,1.0746958878371515e-13
0.379,0.062029390261750764,0.23835135029353083,1.4976057020827869,-6.283185307179587,14.004147088886683,1.865710234767486e-11,7.80486786311485e-14
0.38,0.06226820115509402,0.23927174426434472,1.5033887079570807,-6.283185307179587,14.04891004086408,1.854590020740346e-11,6.483702463810914e-14
0.381,0.06250793638820955,0.24020004669767953,1.5092214041668872,-6.283185307179585,14.094028890600281,1.8435384694515348e-11,6.927791673660977e-14
0.382,0.06274860389548988,0.24113628994824968,1.5151039940028772,-6.283185307179588,14.139554283301786,1.832365109138194e-11,9.547918011776346e-14
0.383,0.06299021162292416,0.24208050320444896,1.521036660861147,-6.283185307179585,14.185540181148092,1.8202839280108277e-11,6.938893903907228e-14
0.384,0.06323276760408485,0.2430328189726212,1.5270202373035864,-6.283185307179587,14.231905531894839,1.8089779297212422e-11,1.0080825063596421e-13
0.385,0.06347627998167221,0.24399329470442402,1.53305508430963,-6.283185307179585,14.278670069233344,1.7967731036409097e-11,8.915090887740007e-14
0.386,0.0637207569154853,0.24496194240613034,1.5391412773169089,-6.283185307179585,14.325912688443932,1.784186083091716e-11,7.593925488436071e-14
0.387,0.06396620663239207,0.24593888581090617,1.5452795937638157,-6.283185307179585,14.373565558201687,1.772342546637468e-11,1.4199752484955752e-13
0.388,0.06421263748251177,0.24692421096983674,1.5514705743252941,-6.283185307179587,14.421612745472252,1.7594166407728628e-11,8.071321389024888e-14
0.389,0.06446005784749782,0.2479179210465887,1.5577142388792202,-6.283185307179587,14.470147222614507,1.747090337771908e-11,8.204548151979907e-14
0.39,0.06470847615437053,0.24892012087969997,1.5640112461455702,-6.283185307179588,14.519127802718435,1.7344909468704357e-11,9.43689570931383e-14
0.391,0.06495790095894806,0.2499309240258202,1.5703623096218107,-6.283185307179587,14.568504149604351,1.7219333284824482e-11,8.282263763703668e-14
0.392,0.06520834087087622,0.25095033639067793,1.5767674664147242,-6.283185307179587,14.618368118687414,1.709713956756108e-11,1.2534417948018017e-13
0.393,0.06545980452657965,0.25197843630144795,1.5832272086684722,-6.283185307179583,14.66871537235388,1.6972824835527546e-11,6.983302824892235e-14
0.394,0.06571230068619158,0.2530153583247739,1.5897423818902152,-6.283185307179587,14.719469554608649,1.6847117156524155e-11,1.0413891970983968e-13
0.395,0.06596583819064908,0.2540611240504622,1.596313121732686,-6.283185307179585,14.770704323003347,1.6731173132725248e-11,1.1224354778960333e-13
0.396,0.06622042589684403,0.2551157824748757,1.6029397360491402,-6.283185307179587,14.822456137077861,1.6608535803019218e-11,9.880984919163893e-14
0.397,0.0664760727695301,0.25617947763448023,1.6096231298473502,-6.283185307179587,14.874637706060444,1.6499293827952634e-11,1.184607967275042e-13
0.398,0.06673278788108507,0.25725225833429766,1.6163636097783391,-6.283185307179588,14.927289150910273,1.638721681237635e-11,1.1612932837579137e-13
0.399,0.06699058032044158,0.2583341478719436,1.6231613222253152,-6.283185307179587,14.980483193411992,1.6288902945000958e-11,7.338574192772285e-14
0.4,0.06724945926033056,0.2594252849669453,1.6300171387888005,-6.283185307179585,15.034141079065371,1.6188243722796667e-11,7.949196856316121e-14
0.401,0.06750943400189552,0.2605257526426213,1.636931581119676,-6.283185307179585,15.088259915635772,1.609422689902579e-11,9.170442183403793e-14
0.402,0.06777051387653014,0.2616355589029862,1.6439046995086428,-6.2831853071795845,15.142935176979996,1.6009884870214344e-11,1.411093464298574e-13
0.403,0.06803270827209532,0.26275482226562485,1.650937238623661,-6.283185307179587,15.198116388433483,1.5928506541763232e-11,1.5798473640415978e-13
0.404,0.06829602671437554,0.2638836598181648,1.6580299341479858,-6.283185307179587,15.253757544625,1.585233257122745e-11,1.2434497875801753e-13
0.405,0.06856047878454015,0.2650220799381166,1.6651828387190555,-6.283185307179588,15.30995630296999,1.5789838323579215e-11,1.3167245072054357e-13
0.406,0.06882607409655493,0.2661701698846002,1.672396500602109,-6.283185307179587,15.366705306239979,1.5729166074539798e-11,1.3999912340523224e-13
0.407,0.06909282239718165,0.267328072320034,1.67967181617156,-6.283185307179587,15.423926350326031,1.5669629594524884e-11,1.4244161405940758e-13
0.408,0.06936073352033,0.2684958135299702,1.6870089505843548,-6.283185307179585,15.481696067260703,1.563925430997011e-11,1.3489209749195652e-13
0.409,0.06962981731956774,0.2696734459656731,1.6944082334015702,-6.283185307179587,15.540055246178966,1.560149311908304e-11,1.346700528870315e-13
0.41,0.06990008376180054,0.2708611220891298,1.7018706225700835,-6.283185307179585,15.598914127654158,1.5578617792586448e-11,1.0469403122215226e-13
0.411,0.07017154293189673,0.27205890080419076,1.709396488193714,-6.283185307179587,15.658308644173573,1.5564587197457044e-11,1.2045919817182948e-13
0.412,0.07044420493678108,0.27326680587599766,1.7169859795932656,-6.283185307179587,15.718319997101865,1.5550103347908597e-11,1.5687451337953462e-13
0.413,0.07071807996744457,0.2744849800218507,1.7246399934879517,-6.283185307179588,15.778872687680707,1.5552933029741267e-11,1.5021317523178368e-13
0.414,0.07099317835427656,0.27571352188585363,1.7323591496769641,-6.283185307179588,15.839952146339574,1.5567842054918908e-11,1.1324274851176597e-13
0.415,0.07126951046876567,0.27695244188054075,1.740143513584216,-6.283185307179587,15.901659969675794,1.5576930830245076e-11,1.2934098236883074e-13
0.416,0.07154708673542999,0.2782018550704976,1.7479938081817767,-6.283185307179585,15.963958804497896,1.5605421247451986e-11,1.270095140171179e-13
0.417,0.0718259177235757,0.2794618961477648,1.75591087976473,-6.283185307179587,16.026788022583162,1.563483273796625e-11,1.5165646516379638e-13
0.418,0.07210601407534593,0.28073258316518995,1.7638948417624392,-6.283185307179587,16.090241893298522,1.5677736864692364e-11,1.4066525722000733e-13
0.419,0.07238738646284286,0.28201399312000947,1.7719461779628243,-6.283185307179587,16.15433537964727,1.5725295620231082e-11,1.5498713423767185e-13
0.42,0.07267004568982018,0.2833062820441414,1.7800658687433315,-6.283185307179588,16.218980904121594,1.5782546076749787e-11,1.7541523789077473e-13
0.421,0.07295400266878285,0.28460949619706777,1.788254204760862,-6.283185307179587,16.28423796915454,1.5847112044958177e-11,1.1890488593735427e-13
0.422,0.07323926833540223,0.28592367590164824,1.796511439371407,-6.283185307179585,16.350172477646417,1.5923580559256228e-11,1.6542323066914832e-13
0.423,0.07352585372867869,0.28724897636218555,1.8048385477523972,-6.283185307179587,16.416699122441774,1.5992332516217383e-11,1.6076029396572267e-13
0.424,0.07381377002548298,0.2885854852378762,1.8132360806827648,-6.283185307179585,16.48382471006212,1.6076238524391816e-11,1.5976109324356003e-13
0.425,0.07410302843922312,0.28993322024048146,1.8217041494488027,-6.283185307179585,16.55164783372745,1.616788688147649e-11,1.5765166949677223e-13
0.426,0.07439364025188247,0.29129231288914054,1.830243580409634,-6.283185307179585,16.62011590815542,1.6266909541633353e-11,1.503241975342462e-13
0.427,0.07468561689597963,0.29266289267960977,1.8388551872110963,-6.283185307179587,16.689181895962967,1.6371132219000692e-11,1.9628743075372768e-13
0.428,0.07497896987108642,0.29404497784715006,1.8475390844287176,-6.283185307179587,16.758946541496307,1.6477464363544607e-11,2.2115642650533118e-13
0.429,0.07527371071644498,0.29543866070933444,1.8562958521109043,-6.283185307179585,16.829410992310095,1.6592437701904987e-11,1.787459069646502e-13
0.43,0.07556985111290296,0.29684409882484325,1.8651264802280534,-6.283185307179585,16.90049214343263,1.6710193740939022e-11,1.5021317523178368e-13
0.431,0.075867402846862,0.2982613356566523,1.8740312418660896,-6.283185307179587,16.97225989937237,1.6833875862914734e-11,1.9229062786507711e-13
0.432,0.07616637773232782,0.2996904225318148,1.8830104595224093,-6.283185307179587,17.044772080445323,1.6957840240896122e-11,2.2304380564719395e-13
0.433,0.07646678769704829,0.30113152084396877,1.892065147263136,-6.283185307179585,17.117941451452378,1.7088044206482028e-11,1.5842882561400984e-13
0.434,0.07676864480751172,0.30258471644316054,1.9011958445000179,-6.2831853071795845,17.191783756792326,1.7225546137166255e-11,1.9773072068574038e-13
0.435,0.07707196116844382,0.3040500335035471,1.9104027031237827,-6.283185307179588,17.26639558742957,1.7360692802844872e-11,1.9506618542664e-13
0.436,0.07737674896144954,0.305527610902923,1.9196865957293145,-6.283185307179585,17.341720742526157,1.7509456115665042e-11,1.8318679906315083e-13
0.437,0.07768302052242267,0.3070175792146008,1.9290483427329779,-6.283185307179587,17.417717008541192,1.7649628937104703e-11,2.1194157540094238e-13
0.438,0.07799078825633782,0.30851996081905453,1.9384880847554031,-6.283185307179587,17.49448620124479,1.7798499336873888e-11,2.191580250610059e-13
0.439,0.07830006461344376,0.3100348537949801,1.9480064380432278,-6.283185307179587,17.57202796971386,1.794782433685022e-11,1.929567616798522e-13
0.44,0.07861086218988063,0.31156241883495733,1.9576044122576983,-6.2831853071795845,17.650260970441884,1.8102447330563546e-11,2.4003021792395884e-13
0.441,0.07892319369107091,0.31310270410593105,1.9672823100406684,-6.283185307179585,17.72925527783095,1.825606141235825e-11,1.7397194795876203e-13
0.442,0.07923707185465759,0.3146557646727366,1.9770404773746955,-6.2831853071795845,17.80906999803015,1.8411355025786093e-11,2.4424906541753444e-13
0.443,0.07955250953473655,0.31622176451847867,1.9868799445960106,-6.2831853071795845,17.889620124128186,1.8570286571896795e-11,2.1804780203638074e-13
0.444,0.0798695197287369,0.3178007961574709,1.9968012929892005,-6.283185307179585,17.970918613341734,1.8727550998606664e-11,2.0194956817931597e-13
0.445,0.08018811547839472,0.319392887519443,2.0068046980419236,-6.283185307179587,18.053063398534903,1.8887246026964972e-11,2.1582735598713043e-13
0.446,0.08050830990325022,0.32099817725489654,2.0168910309209824,-6.283185307179585,18.13600417337409,1.904490407085087e-11,2.0683454948766666e-13
0.447,0.08083011628020141,0.3226168032859025,2.027061158216282,-6.283185307179585,18.21969454943919,1.9213563258537106e-11,2.339239912885205e-13
0.448,0.08115354796381985,0.32424879473049883,2.037315262881893,-6.283185307179587,18.30423363184304,1.937211043184443e-11,2.2803980925800715e-13
0.449,0.08147861835531015,0.32589424670739864,2.047653942566294,-6.283185307179587,18.389630707643196,1.9531082401235062e-11,2.1271873151818e-13
0.45,0.08180534100101708,0.32755332456488667,2.0580782361833876,-6.283185307179585,18.475803394960476,1.9695190355559586e-11,2.5424107263916085e-13
0.451,0.08213372956630095,0.32922608766269745,2.0685885167014124,-6.283185307179587,18.562812776274026,1.985273985062783e-11,2.4225066397320916e-13
0.452,0.08246379775368745,0.3309125884405058,2.079185113608513,-6.283185307179585,18.650727330510627,2.0026234379705103e-11,2.1160850849355484e-13
0.453,0.08279555937760752,0.3326129895918963,2.0898690491386955,-6.283185307179587,18.739468682036655,2.0185013056292404e-11,2.3370194668359545e-13
0.454,0.08312902840307468,0.33432739745386714,2.1006409914269932,-6.283185307179587,18.829036703374037,2.034364978947302e-11,2.461364445593972e-13
0.455,0.08346421884978579,0.33605584227753516,2.1115011305467832,-6.283185307179585,18.919532163270972,2.050002187836813e-11,2.7833291227352674e-13
0.456,0.08380114480996159,0.33779845502897027,2.1224502893821375,-6.2831853071795845,19.010919943722055,2.0661041313581924e-11,2.6212365611399946e-13
0.457,0.08413982053415885,0.33955538510609296,2.1334894066278918,-6.283185307179585,19.103143039149607,2.0819113767840537e-11,2.3947510641164627e-13
0.458,0.08448026036504167,0.34132667209973766,2.1446187310406093,-6.283185307179585,19.19629226432344,2.0967221996525427e-11,2.565725409908737e-13
0.459,0.08482247869082345,0.34311240079584643,2.155838795346024,-6.283185307179585,19.290395865196743,2.1129391779813817e-11,2.716715741257758e-13
0.46,0.08516649003835998,0.3449127399861561,2.1671506600939363,-6.2831853071795845,19.38537106666471,2.128693125389025e-11,3.275157922644212e-13
0.461,0.08551230906714088,0.34672776665280297,2.1785548089773683,-6.283185307179587,19.481260500481667,2.1443353248429127e-11,2.481348460037225e-13
0.462,0.08585995048105348,0.3485575270539345,2.1900515326448304,-6.283185307179587,19.578146275262938,2.1598652580121247e-11,2.552402733613235e-13
0.463,0.08620942908479261,0.35040217653406214,2.2016418071546955,-6.283185307179587,19.675963891573694,2.174353902510295e-11,2.9898306053155466e-13
0.464,0.08656075984041701,0.3522618402762978,2.2133264190555955,-6.283185307179585,19.774692297490617,2.1904033011879844e-11,2.7977620220553945e-13
0.465,0.08691395778023071,0.35413655281933454,2.225105585360625,-6.283185307179588,19.874431816058078,2.204214525183109e-11,3.0175861809311755e-13
0.466,0.08726903800010878,0.35602642983325355,2.2369800328462577,-6.283185307179588,19.975172034511715,2.2193144425741252e-11,3.3284486278262193e-13
0.467,0.08762601575017115,0.35793163229764374,2.2489507729771177,-6.283185307179585,20.076843966957043,2.2340802487367348e-11,2.7133850721838826e-13
0.468,0.08798490639163091,0.35985221622961255,2.2610181577190773,-6.283185307179587,20.179521199164675,2.2483775260481315e-11,2.885469641000782e-13
0.469,0.08834572533138077,0.36178825134206727,2.273182625091247,-6.283185307179587,20.28325672026981,2.2622700847631903e-11,3.111955138024314e-13
0.47,0.08870848810139462,0.3637399043244977,2.2854452224345674,-6.283185307179587,20.387973683651772,2.276383372100264e-11,3.249622793077833e-13
0.471,0.0890732103804321,0.3657072755328429,2.2978065803039973,-6.283185307179587,20.49368725163265,2.290788724060411e-11,3.064215547965432e-13
0.472,0.08943990790391305,0.36769040610617343,2.3102669571839622,-6.283185307179588,20.600491060833008,2.3045951157871862e-11,3.446132268436486e-13
0.473,0.08980859649222053,0.3696894356640654,2.3228272303301436,-6.283185307179585,20.708344863940255,2.31721687249894e-11,3.631539513548887e-13
0.474,0.0901792921249583,0.37170450928917104,2.335488311323681,-6.283185307179585,20.81720377263858,2.3308382695907816e-11,3.000932835561798e-13
0.475,0.09055201087300829,0.37373567204901675,2.348250483332192,-6.283185307179587,20.927158264496335,2.3455167466383255e-11,3.4217073618947325e-13
0.476,0.09092676886225494,0.37578301810722897,2.361114338003274,-6.283185307179587,21.0382303177267,2.357696695370507e-11,3.355093980417223e-13
0.477,0.0913035823608053,0.3778467144739012,2.3740809246922137,-6.283185307179585,21.15034500451569,2.370708327675469e-11,3.396172232328354e-13
0.478,0.09168246776826658,0.3799268407720851,2.387150743685414,-6.283185307179585,21.263547568434984,2.3839778117509946e-11,3.9768188742073107e-13
0.479,0.09206344153555783,0.3820234517493823,2.40032413897222,-6.283185307179585,21.37791491101079,2.396684826310612e-11,3.093081346605686e-13
0.48,0.09244652021872156,0.38413670215374773,2.4136020828626963,-6.283185307179585,21.493388231991858,2.4093511591547292e-11,3.3173463975799677e-13
0.481,0.09283172052984878,0.38626671830622183,2.4269853690553345,-6.283185307179587,21.609949963156076,2.4225605842675427e-11,4.0734082773496993e-13
0.482,0.09321905925696677,0.388413543033713,2.4404742666395753,-6.283185307179588,21.727695076269416,2.4346462752199797e-11,3.788080960021034e-13
0.483,0.09360855325648551,0.39057729170559324,2.454069500502507,-6.2831853071795845,21.84661826523869,2.447814099161715e-11,3.8191672047105385e-13
0.484,0.09400021953654383,0.3927581240577436,2.4677720742943268,-6.283185307179588,21.966656104983375,2.45993798818474e-11,3.760325384405405e-13
0.485,0.09439407522067012,0.39495610496008143,2.4815823956047116,-6.283185307179585,22.087875163570637,2.4722143528061246e-11,3.8469227803261674e-13
0.486,0.0947901374847877,0.3971713054211871,2.4955009105937345,-6.283185307179587,22.210331327781724,2.4846564228018085e-11,3.709255125272648e-13
0.487,0.09518842362613601,0.3994038870184367,2.5095286344819674,-6.283185307179585,22.33395775256431,2.4980551469439184e-11,4.353184479555239e-13
0.488,0.09558895108966396,0.4016539580504083,2.5236662477295035,-6.283185307179588,22.45876247858991,2.5101749354572938e-11,4.342082249308987e-13
0.489,0.09599173738617983,0.4039215652100705,2.5379140437168775,-6.283185307179587,22.58483598206506,2.5225051443504375e-11,4.4009240696141205e-13
0.49,0.09639680010894382,0.40620683978123173,2.5522728473245717,-6.283185307179587,22.712152079028506,2.5356314251130304e-11,4.169997680492088e-13
0.491,0.0968041570058489,0.408509930019006,2.566743590066985,-6.283185307179585,22.84066379147988,2.5477557184860166e-11,4.1455727739503345e-13
0.492,0.0972138259256886,0.4108308919235458,2.581326623803407,-6.283185307179587,22.97045028697793,2.5607337683696387e-11,3.822497873784414e-13
0.493,0.09762582477455407,0.41316981219675253,2.5960224932979914,-6.2831853071795845,23.101546414446858,2.5728725232464133e-11,4.0389913635863195e-13
0.494,0.09804017159129107,0.4155268526455749,2.6108322152137053,-6.283185307179585,23.23388543017991,2.5871942551676965e-11,4.3154368967179835e-13
0.495,0.09845688455153631,0.4179021062031529,2.625756373466764,-6.283185307179588,23.367496593367676,2.600767494386954e-11,4.640732242933154e-13
0.496,0.09887598189123768,0.42029562678685767,2.6407953068299848,-6.283185307179587,23.502460508749888,2.6141577754724375e-11,4.619638005465276e-13
0.497,0.09929748194138331,0.42270755587503694,2.6559499042380215,-6.283185307179587,23.63873702831944,2.6282517797297783e-11,4.4153569689342476e-13
0.498,0.09972140318561357,0.4251380286678377,2.6712210151784777,-6.28318530717959,23.776296927565937,2.64205398638651e-11,4.642952688982405e-13
0.499,0.10014776419642632,0.427587097021912,2.686608965476294,-6.283185307179587,23.915224712371106,2.6559804967729174e-11,5.132561042842099e-13
0.5,0.10057658361051358,0.4300548608127514,2.702114382667676,-6.283185307179588,24.055536729190933,2.67073346037634e-11,5.295763827461997e-13
0.501,0.10100788020361876,0.4325414774533451,2.7177382558076326,-6.2831853071795845,24.19717173661144,2.6851356730439087e-11,5.03597163969971e-13
0.502,0.10144167287694526,0.43504702777851384,2.7334810927962776,-6.283185307179588,24.34017489926655,2.700977866961268e-11,5.075939668586216e-13
0.503,0.10187798058973065,0.4375715739989368,2.7493432845148793,-6.2831853071795845,24.484614582345316,2.7164560818997032e-11,5.193623309196482e-13
0.504,0.10231682240613785,0.4401152625836969,2.7653257512558076,-6.283185307179587,24.630442818579127,2.7325051017236612e-11,4.483080573436382e-13
0.505,0.10275821753762908,0.4426782158084534,2.7814292612996985,-6.2831853071795845,24.777647047273653,2.7485534275081447e-11,5.575540029667536e-13
0.506,0.1032021852752853,0.4452604845951979,2.7976541345988535,-6.283185307179587,24.926311808453065,2.7650590072369716e-11,4.775069228912798e-13
0.507,0.10364874498120591,0.4478621785648682,2.8140010599219156,-6.283185307179585,25.0764386385239,2.782658153185137e-11,4.700684286262913e-13
0.508,0.104097916158837,0.45048344785810734,2.8304709806304036,-6.283185307179587,25.22797475624789,2.8001676784440486e-11,4.549693954913892e-13
0.509,0.10454971842598278,0.45312436426287955,2.847064347781354,-6.283185307179587,25.380976111839626,2.81911504084285e-11,4.748423876321795e-13
0.51,0.105004171458421,0.45578499771860354,2.8637816008171524,-6.28318530717959,25.535498595192344,2.8375184675846626e-11,5.611067166455541e-13
0.511,0.10546129504344426,0.45846549540388293,2.8806236644881866,-6.283185307179587,25.69149124297605,2.8570645279672152e-11,4.780620344035924e-13
0.512,0.10592110910839472,0.46116596769169493,2.897591232288349,-6.283185307179587,25.848955765951693,2.8770404062145248e-11,5.264677582772492e-13
0.513,0.10638363365320339,0.4638864663274813,2.9146846293438244,-6.283185307179585,26.00797331159083,2.8978623077996637e-11,6.070699498650356e-13
0.514,0.10684888875465631,0.46662710705134547,2.9319045828711503,-6.283185307179587,26.168534497560465,2.918921305914092e-11,5.547784454051907e-13
0.515,0.10731689462970943,0.4693880311648414,2.949251980694145,-6.283185307179585,26.330596097542184,2.9410829973964315e-11,5.554445792199658e-13
0.516,0.10778767159963926,0.4721693038300103,2.9667272322379987,-6.283185307179587,26.49422048773171,2.964085269798041e-11,6.806777363976835e-13
0.517,0.10826124004443662,0.47497100113768226,2.984330815595521,-6.283185307179585,26.65945214764755,2.987017079805943e-11,5.583311590839912e-13
0.518,0.10873762045908081,0.4777932676734147,3.0020636392245295,-6.283185307179587,26.826240538920953,3.011029653521222e-11,5.838662886503698e-13
0.519,0.1092168334702283,0.4806362032291119,3.01992633013604,-6.283185307179585,26.99459875062076,3.0363943451082623e-11,6.77125022718883e-13
0.52,0.1096988997718224,0.4834998609461163,3.0379192222270124,-6.283185307179587,27.1646026390213,3.061271056763946e-11,6.390443729742401e-13
0.521,0.11018384013877008,0.4863843592680937,3.056043059700866,-6.283185307179587,27.336235442066275,3.088251085469605e-11,5.949685188966214e-13
0.522,0.11067167548234506,0.48928982995077475,3.074298670403322,-6.283185307179587,27.5094633279186,3.115660635490235e-11,6.024070131616099e-13
0.523,0.11116242680917429,0.4922163331904232,3.0926864325586507,-6.283185307179585,27.684351684806487,3.143789758648371e-11,6.191713808334498e-13
0.524,0.11165611518529342,0.4951639491262161,3.1112068496961727,-6.283185307179587,27.860935293591528,3.172036370511878e-11,6.870060076380469e-13
0.525,0.11215276179232846,0.49813281729962555,3.129860798580747,-6.283185307179585,28.039166230330466,3.202465459877311e-11,6.410427744185654e-13
0.526,0.11265238793471695,0.5011230281706588,3.1486488475894325,-6.2831853071795845,28.21906607761627,3.2328758511900095e-11,6.543654507140673e-13
0.527,0.11315501497991444,0.5041346359813358,3.1675713375348606,-6.283185307179585,28.400704608663727,3.2642450542718676e-11,5.88862292261183e-13
0.528,0.11366066437830591,0.5071677588558493,3.1866290106132027,-6.283185307179587,28.584060619902097,3.29720624334624e-11,6.313838341043265e-13
0.529,0.11416935771105684,0.5102225187824575,3.20582263329934,-6.283185307179588,28.769108771856562,3.330133013506981e-11,6.256106743762757e-13
0.53,0.11468111664650299,0.5132989719248364,3.2251525584800085,-6.283185307179587,28.955914958299864,3.3645223290864456e-11,7.067679774763747e-13
0.531,0.1151959629124339,0.5163972001782235,3.244619300718182,-6.283185307179585,29.144506168337717,3.39969989103162e-11,6.340483693634269e-13
0.532,0.11571391835030878,0.519517336243862,3.264223693800365,-6.283185307179585,29.33483831701868,3.4355782722292314e-11,6.612488334667432e-13
0.533,0.1162350049153381,0.5226594622298479,3.2839662536269105,-6.283185307179587,29.526938880305686,3.473072948220629e-11,7.095435350379375e-13
0.534,0.11675924462187601,0.5258236326050668,3.303847322435966,-6.283185307179587,29.720871477029593,3.5106578608432536e-11,7.086553566182374e-13
0.535,0.1172866595671371,0.5290099625882869,3.323867624168385,-6.283185307179587,29.916612743676183,3.548953868443532e-11,7.170930516053886e-13
0.536,0.11781727197197521,0.5322185643841422,3.344027863826616,-6.283185307179587,30.114144571766005,3.5896557882636775e-11,7.283063041541027e-13
0.537,0.11835110413683865,0.5354494904440644,3.3643283709728258,-6.283185307179585,30.313531617870787,3.629718548692883e-11,7.340794638821535e-13
0.538,0.11888817842069586,0.5387028221443788,3.384769656909485,-6.283185307179585,30.51479490459198,3.670958705345954e-11,6.921130335513226e-13
0.539,0.11942851729201295,0.5419786840084917,3.4053525040402057,-6.283185307179587,30.71789471795153,3.714079379123413e-11,7.889244812986362e-13
0.54,0.119972143323898,0.5452771504234943,3.426077379752907,-6.283185307179587,30.92286222771787,3.757822388473868e-11,6.565858967633176e-13
0.541,0.12051907914458662,0.5485982748660799,3.4469446200516103,-6.283185307179585,31.129755239842527,3.800779305555711e-11,8.416600749683312e-13
0.542,0.12106934746315223,0.5519421674651458,3.4679549168964985,-6.283185307179587,31.338549905354164,3.8455193647849044e-11,7.139844271364382e-13
0.543,0.12162297110393498,0.5553089306498326,3.4891089138688507,-6.283185307179587,31.54923398309447,3.891698663723468e-11,8.143485885625523e-13
0.544,0.1221799729636558,0.5586986130014863,3.5104069162143063,-6.283185307179585,31.761869739442076,3.9381592621512e-11,7.314149286230531e-13
0.545,0.12274037599528474,0.5621112932311156,3.5318494184886973,-6.283185307179585,31.976473826642923,3.9855562437658414e-11,7.788214517745473e-13
0.546,0.12330420325531409,0.5655470866380913,3.5534371451393545,-6.283185307179585,32.19301097469689,4.033291169817491e-11,6.745715097622451e-13
0.547,0.12387147789552203,0.5690060601665248,3.5751705167885026,-6.283185307179585,32.41151426679155,4.082295654081085e-11,7.870371021567735e-13
0.548,0.12444222311850112,0.5724882649028945,3.5970498544219716,-6.283185307179588,32.63203622827299,4.132021834176961e-11,8.301137555122295e-13
0.549,0.12501646220363885,0.5759938040391872,3.6190758064141555,-6.283185307179587,32.85455368654538,4.1818363153792886e-11,7.474160179654632e-13
0.55,0.12559421853637084,0.5795227701531935,3.641248954448402,-6.283185307179585,33.07905895870959,4.233584604336639e-11,7.575051697017443e-13
0.551,0.12617551556716528,0.5830752074471036,3.6635695762553335,-6.283185307179585,33.30561119422154,4.2853461531905026e-11,8.562039965909207e-13
0.552,0.12676037679916907,0.5866511899982172,3.6860381372763316,-6.2831853071795845,33.534223981225665,4.3375958755957036e-11,8.066186607535997e-13
0.553,0.12734882583140084,0.590250823001167,3.708655298468772,-6.283185307179587,33.764866288212964,4.3902579916735335e-11,8.316125565954735e-13
0.554,0.12794088634865713,0.5938741659132519,3.731421433413877,-6.283185307179587,33.99757171781959,4.443342068709829e-11,8.612555113529652e-13
0.555,0.12853658208147092,0.5975212659683395,3.7543368388907234,-6.283185307179585,34.23238809074547,4.498608060645167e-11,8.972128595630124e-13
0.556,0.12913593683140223,0.6011922178403704,3.777402109753325,-6.283185307179585,34.469293664131484,4.553352026204821e-11,9.296730052454905e-13
0.557,0.12973897449597993,0.6048871040432264,3.8006177644516677,-6.283185307179587,34.70828414267339,4.608277444662585e-11,9.450634719243567e-13
0.558,0.13034571903013645,0.6086059636455425,3.8239840484611847,-6.283185307179587,34.9494151238681,4.664303292551532e-11,9.739986595036498e-13
0.559,0.13095619443658604,0.6123488643108347,3.847501386924547,-6.283185307179588,35.19269813965306,4.714661729977704e-11,2.6978419498391304e-14
0.56,0.13157042480464254,0.6161159003278897,3.871170372275196,-6.283185307179587,35.438106041773025,4.771770032220265e-11,2.4313884239290928e-14
0.561,0.13218843429973096,0.6199071233505714,3.894991329064193,-6.283185307179587,35.68567189041512,4.8288053665635356e-11,2.4202861936828413e-14
0.562,0.13281024712695566,0.623722575302372,3.918964520704578,-6.2831853071795845,35.935439333028,4.8864306761444935e-11,5.573319583618286e-14
0.563,0.1334358875551098,0.6275623409613831,3.9430904798727697,-6.283185307179587,36.18738849624385,4.945832941622819e-11,3.9190872769268026e-14
0.564,0.13406537993811135,0.6314264923976535,3.96736965948513,-6.2831853071795845,36.44151747561352,2.816664685426752e-11,4.055783486833775e-14
0.565,0.13469874867909226,0.6353150626229576,3.991802266991288,-6.283185307179585,36.69787807139709,2.2256401774107515e-11,4.3076653355456074e-14
0.566,0.13533601822254582,0.6392281113894049,4.016388677186735,-6.283185307179587,36.95648048982342,5.759664436951527e-11,3.3639757646142243e-14
0.567,0.13597721308952357,0.6431657211663439,4.041129409096378,-6.283185307179587,37.21730104463894,5.38356032026258e-11,3.441691376337985e-14
0.568,0.13662235786646154,0.6471279353239827,4.066024734861743,-6.283185307179587,37.480371465908206,5.690270691167482e-11,6.747380432159389e-14
0.569,0.13727147717272234,0.6511147891168273,4.09107487566121,-6.283185307179587,37.745731668955635,1.4787672073240257e-10,3.8913317013111737e-14
0.57,0.13792459568252452,0.655126356038126,4.116280294284199,-6.283185307179587,38.01336385448003,7.789955187195498e-11,2.9531932455029164e-14
0.571,0.1385817381434559,0.6591626973546051,4.141641374888768,-6.283185307179587,38.28326769101963,4.117970568179725e-11,6.367129046225273e-14
0.572,0.1392429293436057,0.6632238390322402,4.1671582804777545,-6.283185307179585,38.55549105463769,7.219697658388174e-11,3.5228764350137e-14
0.573,0.13990819410466337,0.6673098311896308,4.1928313264566714,-6.283185307179588,38.830043312244364,5.020665966042478e-11,3.8746783559417963e-14
0.574,0.14057755731345808,0.6714207440567111,4.218660953538454,-6.283185307179587,39.10690380480495,1.0767865583132929e-10,4.346523141407488e-14
0.575,0.1412510439111215,0.6755566117500796,4.244647376988906,-6.283185307179585,39.38610236404266,2.997124059190073e-11,2.886579864025407e-14
0.576,0.141928678863781,0.6797174615187875,4.270790767279288,-6.2831853071795845,39.66767550737738,7.267364890464733e-12,2.5202062658991053e-14
0.577,0.14261048718226838,0.6839033548388632,4.2970915103332965,-6.283185307179585,39.951607540012745,7.471928623048601e-11,3.372302437298913e-14
0.578,0.14329649393828137,0.6881143411080294,4.323549917504502,-6.283185307179585,40.23789905189561,4.742162686708467e-11,3.497202527569243e-14
0.579,0.1439867242343979,0.692350438204725,4.350166100542121,-6.283185307179587,40.52659393944934,4.71604733067989e-11,3.175237850427948e-14
0.58,0.14468120319783817,0.6966116855577261,4.376940307292151,-6.283185307179588,40.81770101159976,4.883789811753094e-11,3.963496197911809e-14
0.581,0.14537995600844267,0.7008981400557114,4.4038728951609345,-6.283185307179587,41.111202214287786,6.05402626278251e-11,5.370703881624195e-14
0.582,0.14608300788855227,0.7052098260200941,4.430964017247631,-6.283185307179587,41.40712508623041,1.81668138222394e-11,3.275157922644212e-14
0.583,0.14679038407645542,0.709546761332688,4.458213785286742,-6.283185307179587,41.705502975966425,6.183302047862028e-11,3.8191672047105385e-14
0.584,0.1475021098438657,0.7139089940673973,4.485622501907398,-6.2831853071795845,42.00632219549913,6.247294801141618e-11,4.574118861455645e-14
0.585,0.1482182105099429,0.7182965614719833,4.513190400953506,-6.283185307179587,42.309583749267205,6.312137576747219e-11,5.2707838094079307e-14
0.586,0.14893871141421083,0.722709472058967,4.540917535910801,-6.2831853071795845,42.61532754138547,6.377886236685348e-11,3.860800568133982e-14
0.587,0.14966363791070234,0.7271477533392281,4.568804079635271,-6.283185307179587,42.92356193758467,6.443992287949643e-11,2.980948821118545e-14
0.588,0.15039301539253927,0.7316114481259555,4.596850301130143,-6.2831853071795845,43.23427109044261,6.509649788320941e-11,3.0309088572266774e-14
0.589,0.1511268692827181,0.7361005699562548,4.625056285451518,-6.283185307179587,43.54747998582779,6.575954583079872e-11,4.3298697960381105e-14
0.59,0.15186522501009614,0.7406151260537939,4.653422077987027,-6.283185307179587,43.86321893998385,6.643040700339314e-11,4.568567746332519e-14
0.591,0.15260810802439567,0.7451551503744541,4.681947892087805,-6.283185307179585,44.181476079879744,6.710033101334192e-11,3.674838211509268e-14
0.592,0.15335554380868277,0.7497206669721977,4.710633878889305,-6.283185307179587,44.50225243681608,6.778038874385644e-11,3.530509218307998e-14
0.593,0.1541075578548583,0.7543116739566558,4.739480026514059,-6.283185307179585,44.82558393665268,6.845439841563781e-11,3.064215547965432e-14
0.594,0.15486417565798447,0.7589281858201212,4.768486426019702,-6.283185307179587,45.15147848628811,6.915033955859376e-11,4.884981308350689e-14
0.595,0.15562542273785723,0.7635702304843521,4.797653252843932,-6.283185307179585,45.479922072011696,6.984219447000232e-11,3.452793606584237e-14
0.596,0.15639132463054875,0.7682378096590959,4.826980517729369,-6.283185307179587,45.81093697024235,7.053898422518405e-11,2.4702462297909733e-14
0.597,0.15716190686679044,0.7729309188588699,4.856468192492841,-6.283185307179585,46.144550527037964,7.125060949016953e-11,3.2807090377673376e-14
0.598,0.1579371949846964,0.7776495769358858,4.886116395586419,-6.283185307179587,46.480752424055254,7.195091765206597e-11,3.2085445411667024e-14
0.599,0.15871721454065343,0.7823937938998085,4.915925189902433,-6.283185307179587,46.81954342532884,7.268972920749226e-11,3.597122599785507e-14
0.6,0.15950199108740917,0.7871635563285365,4.945894491107573,-6.283185307179587,47.16095551086981,7.341815011304967e-11,4.418687638008123e-14
0.601,0.16029155016842614,0.7919588646910559,4.9760243021484465,-6.283185307179585,47.50499601565293,7.415985846546865e-11,4.363176486776865e-14
0.602,0.16108591733655855,0.7967797311967278,5.006314699738764,-6.283185307179587,47.85165240855682,7.490868728645452e-11,3.708144902248023e-14
0.603,0.16188511814656112,0.8016261446907246,5.036765613790594,-6.283185307179587,48.20094417726768,7.568030805369952e-11,4.39648317751562e-14
0.604,0.1626891781354846,0.8064980878829237,5.067376935667006,-6.283185307179585,48.552895704811036,7.645162787517555e-11,4.194214420216724e-14
0.605,0.1634981228333232,0.8113955636771348,5.098148683613097,-6.283185307179587,48.90749791891227,7.72389553812313e-11,4.0967229608668276e-14
0.606,0.16431197777238893,0.8163185671273977,5.12908082655242,-6.283185307179587,49.26475109164445,7.805266529829663e-11,3.4111602431607935e-14
0.607,0.16513076846789668,0.8212670721597111,5.160173200657338,-6.283185307179587,49.62468330369573,7.886484244275064e-11,4.574118861455645e-14
0.608,0.16595452041223696,0.8262410642814355,5.191425714867755,-6.2831853071795845,49.98730113679431,7.970503836644323e-11,4.929390229335695e-14
0.609,0.1667832590910559,0.8312405391745875,5.222838342053057,-6.283185307179587,50.35259320804075,8.055940880595486e-11,3.5083047578154947e-14
0.61,0.16761700997656878,0.8362654717677566,5.254410924684885,-6.283185307179588,50.720576192473246,8.143438527202138e-11,4.6074255521943996e-14
0.611,0.16845579850980574,0.841315830915619,5.286143267071447,-6.283185307179585,51.091271481299714,8.23199450157081e-11,2.6117996654306808e-14
0.612,0.16929965010940798,0.8463916027699417,5.318035282201718,-6.283185307179587,51.4646709078355,8.321899337759265e-11,4.030109579389318e-14
0.613,0.17014859017960998,0.8514927665094945,5.350086839251891,-6.283185307179585,51.840774075521466,8.415976475851842e-11,5.334621633323877e-14
0.614,0.17100264409293317,0.8566192823043272,5.3822976879632485,-6.283185307179587,52.21960522395858,8.509803422498262e-11,4.901634653720066e-14
0.615,0.17186183718462403,0.8617711198118528,5.41466763768748,-6.283185307179587,52.601169957412736,8.607231415403303e-11,3.8968828164342995e-14
0.616,0.17272619476621134,0.8669482573880092,5.447196552431044,-6.283185307179587,52.985457718821785,8.706166087719437e-11,4.263256414560601e-14
0.617,0.17359574211949097,0.8721506549929788,5.479884180616348,-6.283185307179587,53.3724823839328,8.806572402602218e-11,4.5630166312093934e-14
0.618,0.17447050448062032,0.8773782666147959,5.51273023314153,-6.283185307179585,53.762262303375174,8.911154916041265e-11,4.221623051137158e-14
0.619,0.17535050704703925,0.8826310608849506,5.545734512912665,-6.283185307179587,54.154789858011156,9.01573080791157e-11,5.4817261840867104e-14
0.62,0.1762357749843346,0.8879090001927109,5.5788967836142795,-6.283185307179585,54.55006383649736,9.125051860939114e-11,3.755329380794592e-14
0.621,0.1771263334107492,0.8932120298695176,5.61221670175396,-6.283185307179587,54.948104704996155,9.234277550136342e-11,4.374278717023117e-14
0.622,0.17802220739171548,0.8985401028750054,5.645693971768168,-6.283185307179587,55.34891684475532,9.346956326596625e-11,4.118927421359331e-14
0.623,0.1789234219512734,0.9038931794587577,5.67932834389775,-6.283185307179585,55.75249021115591,9.46161068589883e-11,3.808064974464287e-14
0.624,0.17983000206655747,0.9092712035763102,5.713119466004946,-6.283185307179585,56.158835915936294,9.578383423441476e-11,4.418687638008123e-14
0.625,0.18074197265344222,0.914674113369404,5.747066949422839,-6.283185307179587,56.56796921345296,9.697398272908556e-11,4.055089597443384e-14
0.626,0.18165935857207222,0.9201018592099703,5.78117048232911,-6.283185307179585,56.97988266941052,9.8179920775674e-11,5.5538906806873456e-14
0.627,0.18258218463234394,0.925554385799945,5.815429717275606,-6.283185307179587,57.39457412814295,9.943121411892262e-11,3.835820550079916e-14
0.628,0.18351047558026826,0.9310316225767663,5.849844210904935,-6.283185307179587,57.81206035668271,1.006818802809171e-10,5.917488721252084e-14
0.629,0.18444425609259668,0.9365335049822214,5.8844135575857255,-6.283185307179587,58.23234426380796,1.0195900703901544e-10,3.785860513971784e-14
0.63,0.18538355078614122,0.9420599744019564,5.919137389033114,-6.283185307179587,58.65541601166662,1.0326443780494421e-10,5.284661597215745e-14
0.631,0.1863283842127972,0.9476109577740217,5.9540152461854,-6.283185307179583,59.08128399280702,1.045857991544888e-10,5.0182080713057076e-14
0.632,0.18727878084660587,0.9531863764414786,5.989046634826488,-6.283185307179585,59.509960312049586,1.0591990185120824e-10,4.907185768843192e-14
0.633,0.18823476508797873,0.958786161798959,6.024231123896048,-6.283185307179587,59.94143736340261,1.0728028811926696e-10,3.645000967722467e-14
0.634,0.18919636126802652,0.9644102399885575,6.059568249331204,-6.283185307179585,60.37571192426995,1.0866083549261415e-10,4.701794509287538e-14
0.635,0.19016359363632193,0.9700585235255129,6.0950574614490165,-6.283185307179587,60.81279714012309,1.1005803937433448e-10,4.696243394164412e-14
0.636,0.19113648635580913,0.9757309295347173,6.130698239529822,-6.283185307179587,61.25269420760681,1.1147093649153064e-10,4.590251789782229e-14
0.637,0.1921150635103362,0.9814273797991626,6.16649009212158,-6.283185307179587,61.695393198762886,1.1291327478992876e-10,4.235500838944972e-14
0.638,0.19309934909987927,0.9871477832577006,6.202432447070269,-6.283185307179587,62.1408998313305,1.1437686023022046e-10,5.612177389480166e-14
0.639,0.19408936702897217,0.9928920435270585,6.2385246987820695,-6.283185307179588,62.589223015573836,1.1583830933576976e-10,3.530509218307998e-14
0.64,0.19508514110984057,0.99866007231865,6.2747662925233065,-6.283185307179587,63.040354633510624,1.1731738127493645e-10,5.417888360170764e-14
0.641,0.19608669506554222,1.0044517763692917,6.311156642304101,-6.283185307179585,63.49429027345904,1.1881621165211357e-10,5.00155472593633e-14
0.642,0.19709405251912065,1.010267050274011,6.347695085845373,-6.283185307179587,63.95103953668399,1.2035129832249695e-10,4.0495384823202585e-14
0.643,0.1981072369886536,1.0161057920530445,6.384380982389653,-6.283185307179587,64.41060168743329,1.2187754575535168e-10,5.861977570020827e-14
0.644,0.1991262718931866,1.0219679031659705,6.421213712788976,-6.283185307179588,64.87296642186499,1.2343180516707692e-10,3.708144902248023e-14
0.645,0.200151180548163,1.0278532736031298,6.458192585832265,-6.283185307179587,65.33813681964868,1.2501336711862344e-10,7.432943149865423e-14
0.646,0.20118198615503036,1.033761788343393,6.495316878820644,-6.283185307179585,65.80611856294978,1.2659199975782074e-10,4.7628567756419216e-14
0.647,0.20221871180345866,1.0396933387182006,6.532585908969255,-6.283185307179588,66.27690270543945,1.2819335767023678e-10,5.2513549064769904e-14
0.648,0.2032613804733553,1.045647811237743,6.569998963200689,-6.283185307179587,66.75048352147265,1.298008751246876e-10,5.1514348342607263e-14
0.649,0.2043100150251499,1.051625081607166,6.60755526054729,-6.283185307179587,67.22686714130602,1.3142363279224896e-10,4.463096558993129e-14
0.65,0.20536463819517822,1.057625027960449,6.645254035302209,-6.2831853071795845,67.70605070275494,1.330697030027107e-10,6.494804694057166e-14
0.651,0.20642527260004928,1.0636475307217568,6.683094536148331,-6.283185307179587,68.18802325450784,1.3473700632183122e-10,4.1744385725905886e-14
0.652,0.20749194073217236,1.0696924600142736,6.72107594704559,-6.283185307179585,68.67278526245515,1.3641861993996539e-10,5.345723863570129e-14
0.653,0.20856466495062553,1.075759681284734,6.759197422570935,-6.283185307179588,69.16033915936502,1.38108564396962e-10,4.543587728278453e-14
0.654,0.2096434674822216,1.0818490647823649,6.797458147476113,-6.283185307179587,69.65067488408577,1.3981980882625263e-10,4.6102011097559625e-14
0.655,0.21072837042288053,1.0879604759914616,6.835857276574145,-6.283185307179585,70.14378526863483,1.4153527754572733e-10,3.977373985719623e-14
0.656,0.21181939572868155,1.0940937707835312,6.87439390427891,-6.2831853071795845,70.6396730382588,1.4326812272513245e-10,4.5324854980322016e-14
0.657,0.21291656521145566,1.1002488066202671,6.913067134995843,-6.283185307179585,71.13833303987033,1.4501411481537375e-10,5.664912983149861e-14
0.658,0.21401990054198317,1.1064254421816422,6.951876080784973,-6.283185307179587,71.63975342076155,1.4678036036577778e-10,4.579669976578771e-14
0.659,0.21512942324555154,1.1126235268336753,6.990819795185126,-6.283185307179585,72.14393204210893,1.4855970570772302e-10,4.8128168117500536e-14
0.66,0.21624515469361089,1.1188429056002949,7.0298973044529065,-6.283185307179585,72.65086807799588,1.5035526288644524e-10,5.6288307348495437e-14
0.661,0.21736711610434314,1.1250834269379526,7.069107656412131,-6.283185307179587,73.16055009982502,1.5216517388598817e-10,4.499178807293447e-14
0.662,0.21849532854304105,1.1313449345202728,7.108449868835198,-6.283185307179585,73.6729693656474,1.5399012056029686e-10,4.091171845743702e-14
0.663,0.21962981291382433,1.137627263458133,7.147922905693223,-6.283185307179585,74.1881252526048,1.5582679406525405e-10,7.83262343873048e-14
0.664,0.2207705899556959,1.1439302497451438,7.187525736503564,-6.283185307179585,74.70601018318784,1.5768950502911153e-10,7.488454301096681e-14
0.665,0.2219176802446165,1.1502537296025295,7.227257332213968,-6.283185307179587,75.22661116957117,1.595579620354274e-10,8.193445921733655e-14
0.666,0.22307110418872567,1.1565975307640777,7.26711661044374,-6.283185307179585,75.74992346183859,1.6145350607373596e-10,4.701794509287538e-14
0.667,0.22423088202110408,1.1629614769457084,7.307102463567497,-6.283185307179587,76.2759429761991,1.6335483422087565e-10,4.5852210917018965e-14
0.668,0.2253970337996841,1.1693453940785874,7.347213797878377,-6.2831853071795845,76.80465670006537,1.6527688917822486e-10,5.0154325137441447e-14
0.669,0.22656957940670946,1.1757491032397058,7.387449489170052,-6.283185307179585,77.33605418487481,1.6720807962607653e-10,4.3520742565306136e-14
0.67,0.22774853854128516,1.1821724178674213,7.427808365241105,-6.283185307179587,77.87013150558532,1.6915404596697236e-10,7.002731727823175e-14
0.671,0.22893393071550766,1.1886151516714718,7.468289255595238,-6.283185307179587,78.40687855755559,1.7112220940930101e-10,6.045164369083977e-14
0.672,0.2301257752554749,1.1950771176796438,7.508890985451519,-6.283185307179588,78.94628100658338,1.7309487269422794e-10,4.468647674116255e-14
0.673,0.23132409129672152,1.201558121129494,7.549612331081193,-6.283185307179587,79.48833146987391,1.7510213178607203e-10,7.11375403028569e-14
0.674,0.23252889777732327,1.2080579635310378,7.590452045335105,-6.283185307179587,80.03302261654532,1.7711785535138295e-10,5.2263748884229244e-14
0.675,0.23374021343769635,1.2145764475272363,7.631408888182335,-6.283185307179587,80.58033966916669,1.7915103719228808e-10,5.3512749786932545e-14
0.676,0.23495805681890278,1.22111337080743,7.672481588467582,-6.283185307179588,81.13027034028696,1.8119334708166772e-10,4.801714581503802e-14
0.677,0.2361824462560203,1.22766852422064,7.713668832056289,-6.283185307179585,81.6828074384052,1.8326956452954444e-10,4.1022740759899534e-14
0.678,0.237413399874266,1.2342416983466742,7.754969303122829,-6.283185307179587,82.23793825840343,1.853488527533271e-10,4.75175454539567e-14
0.679,0.23865093558938508,1.240832682257179,7.796381676365055,-6.283185307179585,82.79564693125761,1.8745707840755044e-10,4.221623051137158e-14
0.68,0.23989507110270722,1.247441257820412,7.837904581220906,-6.283185307179587,83.35592340669578,1.8958250714918736e-10,5.395683899678261e-14
0.681,0.24114582389502978,1.2540672034245592,7.879536625262319,-6.283185307179587,83.91875712583354,1.9172018994363367e-10,4.4103609653234344e-14
0.682,0.24240321122580724,1.260710297618256,7.921276417069423,-6.283185307179587,84.48413140033753,1.9385855458213657e-10,6.761258219967203e-14
0.683,0.24366725013105167,1.2673703138866275,7.963122533406958,-6.283185307179585,85.05203197375727,1.960385839850925e-10,4.035660694512444e-14
0.684,0.24493795741672078,1.2740470195568685,8.005073512348723,-6.283185307179587,85.62244841503447,1.9824137797423344e-10,5.917488721252084e-14
0.685,0.24621534965549927,1.2807401811921073,8.047127887167752,-6.283185307179587,86.19536537237504,2.004465535970186e-10,4.141131881851834e-14
0.686,0.24749944318595832,1.2874495631005676,8.089284176968626,-6.283185307179585,86.77076527602624,2.0269256496575023e-10,5.218048215738236e-14
0.687,0.24879025410768668,1.2941749228850261,8.13154085872503,-6.283185307179587,87.34863536293665,2.0493547728031151e-10,5.229150445984487e-14
0.688,0.2500877982757728,1.3009160148583545,8.173896388738905,-6.283185307179587,87.9289618742977,2.0721202228572666e-10,4.707345624410664e-14
0.689,0.2513920912994038,1.3076725926148831,8.216349218797847,-6.283185307179585,88.51172609645049,2.0951190826246363e-10,5.306866057708248e-14
0.69,0.2527031485391566,1.3144444045764847,8.258897768189977,-6.2831853071795845,89.09691167729268,2.118211842401081e-10,5.1958437552457326e-14
0.691,0.2540209851008958,1.3212311935830572,8.30154042113043,-6.283185307179587,89.68450496682664,2.1417518818058482e-10,4.1022740759899534e-14
0.692,0.255345615832558,1.3280327012354298,8.344275554049682,-6.283185307179585,90.27448794553773,2.1652998153819068e-10,4.64628335805628e-14
0.693,0.256677055322577,1.3348486662115069,8.387101525012412,-6.283185307179587,90.86684119746954,2.189073322179063e-10,5.0737192225369654e-14
0.694,0.2580153178949356,1.341678820910493,8.430016652633125,-6.283185307179588,91.46154919467575,2.2131866393458198e-10,5.728750807065808e-14
0.695,0.2593604176040311,1.3485228945603447,8.473019235600995,-6.283185307179587,92.05859501570436,2.23751479194086e-10,4.468647674116255e-14
0.696,0.26071236823299304,1.3553806148689092,8.516107563053907,-6.283185307179585,92.6579578354397,2.2621314079425147e-10,5.007105841059456e-14
0.697,0.26207118329020285,1.3622517042768485,8.55927989103539,-6.283185307179587,93.25961908385187,2.2867081012428046e-10,6.411537967210279e-14
0.698,0.263436876003707,1.3691358801133748,8.60253444347214,-6.283185307179587,93.86356191032156,2.3116561497476202e-10,6.339373470609644e-14
0.699,0.2648094593178096,1.3760328579965462,8.645869433539811,-6.283185307179587,94.46976562926076,2.3368649678578073e-10,5.490052856771399e-14
0.7,0.266188945891159,1.3829423500274027,8.68928305231605,-6.283185307179587,95.07820885058906,2.3621464580717976e-10,5.873079800267078e-14
0.701,0.2675753480913478,1.3898640623959038,8.732773453737577,-6.283185307179585,95.68887322622776,2.387896013090529e-10,6.628031457012185e-14
0.702,0.2689686779904277,1.3967976981578234,8.776338772049325,-6.283185307179585,96.30173872052796,2.4135073992018347e-10,7.510658761589184e-14
0.703,0.27036894736246675,1.4037429581117853,8.819977127313193,-6.283185307179585,96.91678233359603,2.4394457545509833e-10,5.723199691942682e-14
0.704,0.27177616767991997,1.4106995377145166,8.863686606027418,-6.283185307179587,97.53398316035972,2.4656420102902547e-10,5.866834795753562e-14
0.705,0.2731903501080338,1.4176671276770039,8.907465264871911,-6.283185307179588,98.1533211704148,2.4919865916153665e-10,5.823119764158946e-14
0.706,0.27461150550162217,1.4246454165130067,8.951311146720863,-6.283185307179587,98.77477303350108,2.5185169513969686e-10,5.2458037913538647e-14
0.707,0.276039644402249,1.431634088701281,8.995222269096109,-6.283185307179585,99.39831527136745,2.544924248523655e-10,5.490052856771399e-14
0.708,0.27747477703313084,1.4386328231187855,9.03919661432151,-6.283185307179585,100.023926662508,2.571833237856391e-10,5.256906021600116e-14
0.709,0.278916913294495,1.4456412954576796,9.083232144711264,-6.283185307179588,100.65158411810022,2.598737964909993e-10,4.757305660518796e-14
0.71,0.2803660627610051,1.4526591784658314,9.127326804079377,-6.283185307179587,101.28126241835054,2.6258545695793857e-10,6.294964549624638e-14
0.711,0.28182223467748574,1.4596861395002336,9.171478502368384,-6.283185307179587,101.91293821206285,2.6529825196586603e-10,5.978550987606468e-14
0.712,0.2832854379536516,1.4667218414279053,9.215685121309109,-6.283185307179587,102.54658831820016,2.680314518048377e-10,5.845324224651449e-14
0.713,0.28475568116074684,1.4737659444123805,9.25994452564627,-6.283185307179585,103.18218679955436,2.707623336639966e-10,5.3179682879545e-14
0.714,0.28623297252810226,1.4808181041317623,9.30425455194155,-6.283185307179587,103.81970798614563,2.7349533886778336e-10,5.762057497804562e-14
0.715,0.2877173199380569,1.4878779709110046,9.348613003121663,-6.283185307179585,104.45912773740493,2.7624793893000044e-10,5.395683899678261e-14
0.716,0.2892087309213413,1.4949451917458496,9.393017661195548,-6.283185307179587,105.10041998682739,2.7900985647999913e-10,5.345723863570129e-14
0.717,0.2907072126541192,1.5020194100468427,9.437466285645671,-6.283185307179585,105.74355726078657,2.8177044578693323e-10,6.333822355486518e-14
0.718,0.29221277195331,1.5091002638029967,9.481956601889854,-6.283185307179585,106.38851365936307,2.8453743635390594e-10,6.961098364399732e-14
0.719,0.2937254152714288,1.5161873866528464,9.526486308011158,-6.283185307179585,107.03526289406325,2.8730629642999474e-10,6.783462680459706e-14
0.72,0.2952451486931583,1.5232804089972392,9.571053081749625,-6.2831853071795845,107.68377647080042,2.90076293730645e-10,8.892886427247504e-14
0.721,0.29677197793118565,1.530378956365556,9.615654570236881,-6.2831853071795845,108.33402643141835,2.928565041265637e-10,6.672440377997191e-14
0.722,0.29830590832103476,1.537482649114183,9.66028838810197,-6.283185307179588,108.98598568505105,2.956242116536533e-10,4.807265696626928e-14
0.723,0.2998469448168377,1.5445911040212905,9.704952127490959,-6.283185307179585,109.63962527793046,2.983950102214979e-10,5.1181281435219717e-14
0.724,0.3013950919874183,1.5517039336844367,9.749643354282492,-6.283185307179587,110.29491545444361,3.0117291536572334e-10,7.482729713625957e-14
0.725,0.3029503540115644,1.55882074525536,9.794359600138156,-6.283185307179587,110.95182767522599,3.039560693666682e-10,6.006306563222097e-14
0.726,0.3045127346728512,1.5659411415480604,9.839098369464889,-6.283185307179587,111.61033260709851,3.067267642517657e-10,6.63358257213531e-14
0.727,0.30608223735595047,1.573064721574123,9.883857142777957,-6.283185307179585,112.27039925621739,3.09506436475036e-10,9.14823772291129e-14
0.728,0.30765886504190476,1.5801910791435116,9.928633367910397,-6.283185307179587,112.9319972857287,3.122656864465282e-10,8.570921750106208e-14
0.729,0.3092426203030243,1.5873198029873792,9.97342446078345,-6.283185307179587,113.59509664542743,3.1504208114330034e-10,6.877831637552845e-14
0.73,0.31083350529829196,1.5944504779018296,10.01822781259442,-6.283185307179585,114.25966559866102,3.1780319013860235e-10,6.378231276471524e-14
0.731,0.3124315217692595,1.6015826839492966,10.0630407847975,-6.283185307179587,114.92567207975132,3.2057594651149253e-10,7.793765632868599e-14
0.732,0.31403667103481653,1.608715995705419,10.107860704372893,-6.283185307179587,115.59308483701155,3.233300456384349e-10,7.527312106958561e-14
0.733,0.3156489539859945,1.6158499832827078,10.152684870257602,-6.2831853071795845,116.2618715798852,3.2608961084287407e-10,7.482903185973555e-14
0.734,0.31726837108193773,1.6229842123994078,10.197510553779049,-6.283185307179585,116.9319988721873,3.2883932542027756e-10,9.026113190202523e-14
0.735,0.3188949223447963,1.630118243281407,10.242334991754811,-6.283185307179585,117.60343391525612,3.315964033504792e-10,9.153788838034416e-14
0.736,0.32052860735420213,1.6372516310567926,10.287155388972417,-6.283185307179587,118.27614372074683,3.343428818083013e-10,8.609779555968089e-14
0.737,0.32216942524283,1.6443839264531506,10.331968922569995,-6.283185307179587,118.95009388427447,3.370819168334618e-10,7.538414337204813e-14
0.738,0.32381737469154187,1.651514674949093,10.376772736705384,-6.283185307179587,119.62524999838537,3.3981952413879075e-10,8.382183835919932e-14
0.739,0.3254724539237865,1.6586434164479875,10.421563940506157,-6.283185307179585,120.30157805317296,3.425578702218616e-10,8.826273045769994e-14
0.74,0.32713466070057057,1.665769686112301,10.466339613312046,-6.283185307179587,120.97904291315153,3.452894144100619e-10,8.948397578478762e-14
0.741,0.3288039923155006,1.6728930140937388,10.511096802979354,-6.283185307179585,121.65760875180881,3.4799373569486826e-10,8.154588115871775e-14
0.742,0.33048044558969464,1.6800129247705817,10.555832521088119,-6.283185307179587,122.3372402384043,3.507259854949818e-10,8.626432901337466e-14
0.743,0.33216401686573044,1.6871289372612033,10.60054374617056,-6.283185307179587,123.01790150541109,3.534294557366112e-10,9.847678228425139e-14
0.744,0.3338547020029386,1.6942405657177688,10.645227425554562,-6.283185307179585,123.69955559982287,3.561174787325872e-10,8.054668043655511e-14
0.745,0.33555249637199697,1.7013473185432548,10.689880470444841,-6.283185307179587,124.3821657377303,3.58799678263267e-10,1.0158540675320182e-13
0.746,0.3372573948490747,1.7084486983887572,10.734499755906146,-6.2831853071795845,125.06569514213041,3.614679811398884e-10,1.0025313912365164e-13
0.747,0.33896939181033214,1.7155442027221885,10.779082124436155,-6.283185307179587,125.75010596919644,3.6413307385822374e-10,8.204548151979907e-14
0.748,0.34068848112670913,1.7226333233591977,10.823624383018783,-6.283185307179585,126.43536004261644,3.6675951785097005e-10,7.51620987671231e-14
0.749,0.34241465615779926,1.7297155460248714,10.868123300369268,-6.283185307179587,127.1214194528048,3.693665601108498e-10,8.126832540256146e-14
0.75,0.3441479097461864,1.7367903508521276,10.912575610066336,-6.283185307179585,127.80824555353021,3.719589754629088e-10,7.210898544940392e-14
0.751,0.3458882342117849,1.7438572123328273,10.956978010245043,-6.283185307179587,128.49579895864235,3.7453125152064715e-10,8.743006318923108e-14
0.752,0.34763562134588805,1.7509155986999323,11.001327159714656,-6.283185307179587,129.18404047600467,3.770734477481342e-10,9.564571357145724e-14
0.753,0.34939006240492937,1.7579649721149546,11.045619679136408,-6.2831853071795845,129.8729306002538,3.7957514360272975e-10,1.0624834345662748e-13
0.754,0.3511515481046888,1.7650047889392948,11.089852152728099,-6.283185307179585,130.56242893275865,3.8205043535274286e-10,9.259260025373806e-14
0.755,0.35292006861404057,1.7720344992000074,11.134021124907912,-6.283185307179587,131.2524949761,3.844892672212208e-10,1.010858063921205e-13
0.756,0.35469561354877227,1.7790535464236636,11.178123099250476,-6.283185307179585,131.9430882321052,3.868647419197475e-10,1.0474954237338352e-13
0.757,0.356478171965064,1.786061367995023,11.222154540739746,-6.283185307179587,132.634167417797,3.891994573029676e-10,9.803269307440132e-14
0.758,0.35826773235329534,1.7930573948803155,11.266111874031257,-6.283185307179587,133.32569081810578,3.914792381412978e-10,1.1257661469699087e-13
0.759,0.3600642826313849,1.8000410512081115,11.30999148081811,-6.283185307179587,134.01761681650592,3.937044245456345e-10,1.0874634526203408e-13
0.76,0.3618678101380905,1.8070117545149786,11.353789701374826,-6.283185307179585,134.7099032740134,3.958582998458454e-10,8.759659664292485e-14
0.761,0.36367830162648324,1.8139689157248826,11.397502834427446,-6.283185307179587,135.40250739745514,3.979488749837107e-10,1.1772527397369004e-13
0.762,0.3654957432568563,1.8209119386708807,11.441127134148951,-6.283185307179585,136.0953863914901,3.999449141527337e-10,1.584843367652411e-13
0.763,0.3673201205900422,1.8278402201014363,11.48465881019758,-6.283185307179585,136.78849721345108,4.018982513666075e-10,1.247058012410207e-13
0.764,0.36915141857993156,1.8347531498222982,11.528094028610738,-6.283185307179587,137.48179611890706,4.0372618939715495e-10,1.1313172620930345e-13
0.765,0.3709896215667161,1.841650110308407,11.571428909363568,-6.283185307179587,138.17523915429862,4.0547115629494693e-10,1.010858063921205e-13
0.766,0.3728347132691948,1.8485304764734642,11.614659524923015,-6.283185307179588,138.86878229714696,4.0713533425196703e-10,1.282585149198212e-13
0.767,0.37468667677745615,1.855393615833596,11.65778190127622,-6.283185307179587,139.56238092762587,4.086743982092816e-10,9.120482147295661e-14
0.768,0.3765454945453222,1.8622388882753325,11.70079201647133,-6.283185307179585,140.25599001365785,4.101161791451902e-10,9.153788838034416e-14
0.769,0.378411148382427,1.8690656456792765,11.74368579825417,-6.283185307179588,140.94956449539762,4.1145436692496707e-10,9.525713551283843e-14
0.77,0.3802836194464164,1.8758732319781088,11.78645912443268,-6.283185307179588,141.643058896721,4.1264807724300246e-10,9.658940314238862e-14
0.771,0.3821628882347493,1.882660983073413,11.829107822353064,-6.283185307179587,142.33642720806762,4.1373209678298114e-10,1.2423395645555502e-13
0.772,0.38404893457667866,1.8894282264234388,11.871627666311452,-6.283185307179585,143.02962331982533,4.1465930922693227e-10,1.1352030426792226e-13
0.773,0.3859417376247007,1.896174280930867,11.914014376846692,-6.283185307179585,143.72260088076723,4.154725747388917e-10,1.3444800828210646e-13
0.774,0.3878412758458645,1.9028984569418264,11.956263620736246,-6.283185307179587,144.41531299269803,4.1612871182194815e-10,2.2504220709151923e-13
0.775,0.38974752701302523,1.9096000558764508,11.998371008673276,-6.283185307179585,145.10771253165402,4.166360694986931e-10,1.2395640069939873e-13
0.776,0.3916604681960844,1.9162783699628705,12.040332093596374,-6.283185307179585,145.799752243247,4.169634805953748e-10,1.4727108421652702e-13
0.777,0.3935800757524596,1.9229326822207218,12.082142370584345,-6.283185307179587,146.49138440014113,4.1717179671673607e-10,1.5892842597509116e-13
0.778,0.39550632531787705,1.9295622661729015,12.123797275048103,-6.283185307179585,147.18256093160204,4.1716439420238305e-10,2.0694557179012918e-13
0.779,0.39743919179667897,1.9361663854757465,12.165292180402934,-6.2831853071795845,147.87323366789892,4.170289220095867e-10,1.6775469902086115e-13
0.78,0.39937864935192235,1.9427442938104058,12.206622397390257,-6.283185307179587,148.56335408249294,4.166809818102154e-10,1.3272716259393746e-13
0.781,0.40132467139527417,1.9492952346723642,12.247783172751491,-6.283185307179588,149.2528732373603,4.1616464205581863e-10,1.637578961322106e-13
0.782,0.40327723057651926,1.9558184409422281,12.288769686533541,-6.283185307179588,149.94174206292053,4.154651131013026e-10,2.4080737404119645e-13
0.783,0.4052362987730637,1.9623131346639477,12.32957705069492,-6.283185307179587,150.6299112461651,4.1454099062653406e-10,1.5604184611106575e-13
0.784,0.4072018470787931,1.968778526852215,12.370200307894162,-6.283185307179585,151.31733105630187,4.134407183427582e-10,1.5082379789532752e-13
0.785,0.4091738457929574,1.975213817061733,12.410634428785714,-6.283185307179587,152.00395156730582,4.121203418783441e-10,1.766364832178624e-13
0.786,0.41115226440834574,1.981618193035484,12.450874309808064,-6.283185307179587,152.6897226905018,4.105938125944333e-10,2.2282176104226892e-13
0.787,0.41313707159963164,1.9879908304859755,12.490914771810273,-6.283185307179587,153.37459396384142,4.0885340856562206e-10,1.9517720772910252e-13
0.788,0.4151282352110351,1.9943308926726049,12.530750557395839,-6.283185307179588,154.05851466888782,4.069208305028307e-10,1.7008616737257398e-13
0.789,0.41712572224347266,2.0006375299450974,12.570376328055527,-6.283185307179585,154.74143396234922,4.0472661989332797e-10,2.2321033910088772e-13
0.79,0.4191294988417966,2.006909879441781,12.609786662269212,-6.2831853071795845,155.42330070043278,4.02301621697212e-10,1.5276668818842154e-13
0.791,0.4211395302811273,2.0131470646735288,12.648976052893026,-6.283185307179587,156.10406344620966,3.9966896798647735e-10,2.6684210396865637e-13
0.792,0.4231557809530305,2.019348194978888,12.687938903736734,-6.283185307179587,156.78367064052952,3.9677335895647546e-10,2.278732758043134e-13
0.793,0.4251782143512044,2.0255123651146802,12.726669526989573,-6.283185307179587,157.46207050072704,3.9362700144101205e-10,2.37476704967321e-13
0.794,0.4272067930566069,2.0316386548052665,12.765162140389155,-6.283185307179585,158.13921094807094,3.902334352733392e-10,1.816324868286756e-13
0.795,0.42924147872218754,2.037726128139196,12.803410863430312,-6.283185307179587,158.8150397641915,3.8660264789813417e-10,2.9964919434632975e-13
0.796,0.43128223205690275,2.0437738330234843,12.841409713936901,-6.283185307179587,159.48950457245795,3.8269647632689867e-10,2.596811654598241e-13
0.797,0.43332901280931874,2.0497808006683735,12.879152604823544,-6.283185307179587,160.16255272727756,3.785024136985695e-10,2.035038804137912e-13
0.798,0.43538177975065634,2.055746044917905,12.916633339889245,-6.283185307179588,160.83413142304758,3.740513814112428e-10,4.455324997820753e-13
0.799,0.43744049065687063,2.061668561566109,12.95384560952253,-6.283185307179587,161.50418774277648,3.692894336397442e-10,2.6079138848444927e-13
0.8,0.439505102290486,2.0675473277366283,12.990782986801419,-6.283185307179587,162.17266854761237,3.642415525326112e-10,1.9895196601282805e-13
0.801,0.4415755703816307,2.0733813011276405,13.027438922750717,-6.283185307179587,162.8395205285779,3.588863053582829e-10,1.8240964294591322e-13
0.802,0.4436518496078955,2.0791694191910612,13.063806741183928,-6.283185307179587,163.5046902941102,3.5322502604198556e-10,3.2529534621517087e-13
0.803,0.44573389357394955,2.0849105983601284,13.09987963385088,-6.283185307179587,164.168124287633,3.4721532200211184e-10,2.0405899192610377e-13
0.804,0.4478216547900846,2.090603733185372,13.135650655007721,-6.283185307179585,164.8297687887439,3.4085862210646527e-10,3.207434318142077e-13
0.805,0.4499150846496789,2.096247695362479,13.171112715309235,-6.283185307179587,165.48957001204025,3.34168016003966e-10,2.1815882433884326e-13
0.806,0.45201413340616764,2.1018413327711634,13.206258575770665,-6.283185307179585,166.1474740646385,3.271074338065093e-10,2.781108676686017e-13
0.807,0.4541187501483045,2.1073834684625097,13.241080841404221,-6.283185307179585,166.80342691360653,3.196546756429147e-10,2.7466917629226373e-13
0.808,0.4562288827751815,2.1128728995100623,13.27557195400026,-6.283185307179587,167.45737447479272,3.117980090265592e-10,2.650657471292561e-13
0.809,0.45834447796938005,2.1183083958264146,13.309724184691857,-6.283185307179587,168.10926261052424,3.0352481562251813e-10,3.2940317140628395e-13
0.81,0.4604654811694278,2.1236886989519066,13.34352962634405,-6.283185307179588,168.75903708107444,2.948173368160231e-10,3.596012376760882e-13
0.811,0.4625918365404971,2.1290125206779797,13.376980184904053,-6.283185307179587,169.40664361357764,2.856553877221752e-10,2.625677453238495e-13
0.812,0.4647234869441805,2.1342785416197487,13.410067570432183,-6.283185307179587,170.05202792935526,2.760387658610976e-10,3.3995029014022293e-13
0.813,0.4668603739065324,2.139485409722308,13.44278328771763,-6.283185307179585,170.6951356978981,2.6591762469046846e-10,3.8496983378877303e-13
0.814,0.46900243758434995,2.144631738626126,13.475118626006571,-6.283185307179588,171.33591258017185,2.5529404369477773e-10,2.717825964282383e-13
0.815,0.47114961673031963,2.1497161059165477,13.5070646480048,-6.283185307179587,171.974304276497,2.441218409542583e-10,2.1449508835758024e-13
0.816,0.47330184865597585,2.1547370512921926,13.538612178368156,-6.283185307179587,172.61025649219272,2.3240317534205983e-10,3.957945082788683e-13
0.817,0.47545906919267245,2.159693074590143,13.569751791295271,-6.283185307179585,173.2437149594645,2.2012330643345866e-10,3.063105324940807e-13
0.818,0.4776212126509075,2.164582633635422,13.600473797015885,-6.283185307179587,173.87462549443518,2.0722034924962563e-10,2.5857094243519896e-13
0.819,0.47978821177692604,2.1694041419938492,13.630768227669654,-6.283185307179585,174.5029339792228,1.9372601259218494e-10,2.2715163083830703e-13
0.82,0.48195999770750597,2.1741559665406056,13.660624822032197,-6.283185307179585,175.12858636933868,1.7953542987086066e-10,4.765077221691172e-13
0.821,0.4841364999217965,2.1788364248303274,13.6900330089866,-6.283185307179585,175.75152875132244,1.6471913535779315e-10,4.883177195935673e-13
0.822,0.486317646190835,2.18344378230109,13.718981889960219,-6.2831853071795845,176.37170734209286,1.4918089466844427e-10,2.956523914576792e-13
0.823,0.48850336252353677,2.1879762492745614,13.747460220072197,-6.283185307179587,176.9890684886463,1.3294294344961499e-10,3.677752546948909e-13
0.824,0.4906935731105643,2.192431977697892,13.775456387664885,-6.283185307179585,177.6035587207623,1.1594461125147672e-10,3.681499549657019e-13
0.825,0.4928882002634936,2.1968090576558836,13.802958392387533,-6.283185307179585,178.215124766727,9.81634761670419e-11,4.634070904785403e-13
0.826,0.4950871643519896,2.201105513630914,13.829953821696812,-6.283185307179585,178.82371355005955,7.960404336581556e-11,3.170796958329447e-13
0.827,0.4972903837352435,2.205319300437263,13.856429825312757,-6.283185307179587,179.42927223614555,6.020439885716455e-11,3.835820550079916e-13
0.828,0.4994977746909437,2.2094482988411355,13.882373087696953,-6.283185307179585,180.03174825932652,3.9949808412463706e-11,4.461986335968504e-13
0.829,0.5017092513383902,2.213490310852502,13.907769798471408,-6.283185307179585,180.63108932218577,1.8795745105956468e-11,3.800293413291911e-13
0.83,0.5039247255575434,2.2174430546043373,13.932605620242617,-6.283185307179587,181.22724343563826,3.245802949585741e-12,4.74953409934642e-13
0.831,0.5061441069021501,2.2213041588173836,13.956865653824488,-6.283185307179587,181.82015895251618,2.6237311618823742e-11,2.787770014833768e-13
0.832,0.5083673025075379,2.2250711568067234,13.98053440057894,-6.283185307179587,182.4097845727599,5.020176260482619e-11,3.631539513548887e-13
0.833,0.5105942169919977,2.228741479983336,14.003595721586121,-6.2831853071795845,182.9960693759071,7.520508267770716e-11,2.688960165642129e-13
0.834,0.5128247523513579,2.2323124507738883,14.026032793156858,-6.283185307179587,183.57896285973194,1.0126223489662155e-10,4.028999356364693e-13
0.835,0.5150588078460898,2.2357812749502743,14.047828058638265,-6.283185307179585,184.15841494847265,1.2838002321493158e-10,4.249933738265099e-13
0.836,0.5172962798807723,2.239145033260201,14.068963175828053,-6.283185307179587,184.734376020784,1.566150085097416e-10,4.0168562920328554e-13
0.837,0.5195370618744278,2.2424006723091257,14.089418959683348,-6.283185307179585,185.30679694674038,1.860279109212177e-10,5.339062525422378e-13
0.838,0.5217810441215582,2.2455449946130615,14.109175319820222,-6.283185307179585,185.87562909947965,2.166514019551887e-10,2.8044233602031454e-13
0.839,0.524028113642491,2.2485746477265107,14.128211192202967,-6.283185307179587,186.44082437566274,2.48526812943212e-10,2.354783035229957e-13
0.84,0.5262781540228509,2.251486112342158,14.146504464372242,-6.283185307179585,187.002335227567,2.817027445003001e-10,4.3256110499045874e-13
0.841,0.5285310452400916,2.2542756892599276,14.164031893569264,-6.283185307179587,187.5601146717764,3.1623419850937416e-10,5.413447468072263e-13
0.842,0.5307866634766353,2.2569394850805056,14.180769016845773,-6.2831853071795845,188.1141162993829,3.522011426308855e-10,4.2388315080188477e-13
0.843,0.5330448809179602,2.2594733964875138,14.196690052304811,-6.283185307179587,188.66429429530567,3.896194781872227e-10,5.594413821086164e-13
0.844,0.5353055655340447,2.261873092947339,14.211767790402977,-6.283185307179587,189.21060343621448,4.286170856979224e-10,4.3642867098014904e-13
0.845,0.537568580842908,2.264133997647655,14.225973474181044,-6.283185307179587,189.75299908062783,4.692485223096342e-10,3.8544861746814263e-13
0.846,0.53983378565391,2.266251266437677,14.23927666694188,-6.283185307179585,190.29143716440447,5.115105953496931e-10,4.902744876744691e-13
0.847,0.5421010337890837,2.268219764544049,14.251645105955713,-6.283185307179585,190.82587417106186,5.555993503956581e-10,6.828981824469338e-13
0.848,0.5443701737795655,2.270034040786935,14.263044540450288,-6.283185307179588,191.35626708641394,6.015761922690053e-10,4.650724250154781e-13
0.849,0.5466410485354648,2.2716882989401372,14.273438551663343,-6.283185307179587,191.88257334683826,6.495199247636969e-10,7.194245199571014e-13
0.85,0.5489134949849575,2.273176365904634,14.28278835287155,-6.283185307179588,192.40475075528656,6.995596635989154e-10,3.9124259387790516e-13
0.851,0.5511873436800916,2.274491656236694,14.291052566512361,-6.283185307179587,192.92275736847992,7.517571427085221e-10,3.872457909892546e-13
0.852,0.5534624183649164,2.2756271325600173,14.298186975448884,-6.283185307179585,193.43655135684415,8.062960642499704e-10,3.297362383136715e-13
0.853,0.5557385355020609,2.276575261263836,14.304144244610065,-6.2831853071795845,193.9460908189394,8.632886730612853e-10,5.987432771803469e-13
0.854,0.5580155037517424,2.277327962844766,14.308873608981376,-6.283185307179587,194.4513335381165,9.229184517902493e-10,4.056754931980322e-13
0.855,0.560293123399036,2.277876556099548,14.31232052295544,-6.283185307179585,194.95223668400124,9.852996900378898e-10,4.658495811327157e-13
0.856,0.5625711857207605,2.2782116952554285,14.314426265313273,-6.283185307179587,195.44875643154924,1.0506649201315397e-09,5.507816425165402e-13
0.857,0.5648494722867472,2.2783232989935085,14.315127493261778,-6.283185307179585,195.94084747765947,1.1191549024254502e-09,5.520028878436278e-13
0.858,0.5671277541846141,2.2782004700812135,14.314355737471985,-6.283185307179587,196.42846244611286,1.1909774554090883e-09,3.58268970046538e-13
0.859,0.5694057911591286,2.277831404138823,14.312036828842862,-6.283185307179587,196.91155114127216,1.2664557627877158e-09,4.722888746755416e-13
0.86,0.5716833306546154,2.2772032857936297,14.3080902460145,-6.283185307179585,197.39005961566676,1.3457345256980042e-09,4.638511796883904e-13
0.861,0.5739601067456064,2.276302170094048,14.302428370277124,-6.2831853071795845,197.8639290180208,1.4292116470977179e-09,6.378231276471524e-13
0.862,0.5762358389413148,2.2751128466959125,14.294955632223141,-6.283185307179587,198.33309416037386,1.517168658021443e-09,4.738431869100168e-13
0.863,0.5785102308436642,2.2736186838039396,14.285567531204297,-6.2831853071795845,198.7974817357022,1.6099043905390417e-09,8.557599073810707e-13
0.864,0.580782968638105,2.2718014482347573,14.274149504756812,-6.283185307179585,199.2570081110352,1.7079042901685456e-09,3.398392678377604e-13
0.865,0.5830537193910367,2.269641097197978,14.260575620319454,-6.283185307179585,199.71157658599287,1.811579403528933e-09,5.787870183127097e-13
0.866,0.5853221291217741,2.2671155364326063,14.244707055562294,-6.283185307179585,200.16107398364178,1.9214419720887454e-09,4.226619054747971e-13
0.867,0.5875878206142067,2.2642003381356015,14.226390326078702,-6.283185307179587,200.60536641763645,2.038045968635181e-09,3.8324898810060404e-13
0.868,0.5898503909220753,2.2608684106061494,14.20545520970088,-6.283185307179587,201.04429402292297,2.162117014916381e-09,7.696066006701585e-13
0.869,0.5921094085165121,2.257089609587854,14.181712304487245,-6.283185307179587,201.47766439239754,2.29430196434864e-09,5.719869022868806e-13
0.87,0.5943644100096557,2.2528302788523975,14.15495014212901,-6.283185307179587,201.90524439763865,2.4354967157086995e-09,5.361266985914881e-13
0.871,0.5966148963784383,2.248052704365874,14.124931758373885,-6.283185307179585,202.32674998336697,2.5866951672425946e-09,4.0589753780295723e-13
0.872,0.5988603285900405,2.242714462295461,14.091390596431278,-6.283185307179585,202.7418334230162,2.7490029860896743e-09,4.963807143099075e-13
0.873,0.6011001225128244,2.2367676356924733,14.054025585248532,-6.283185307179587,203.15006740315079,2.923771492411891e-09,8.152367669822524e-13
0.874,0.6033336429649309,2.230157867572007,14.012495189834162,-6.283185307179585,203.5509251450866,3.1125630060515797e-09,5.10924635932497e-13
0.875,0.6055601967173322,2.2228232086216426,13.966410171198321,-6.283185307179585,203.94375559571026,3.3171755960545443e-09,4.843903056439558e-13
0.876,0.6077790242195208,2.21469270491914,13.915324712723221,-6.283185307179587,204.3277525283193,3.5397998305303104e-09,4.4431125445498765e-13
0.877,0.6099892897541669,2.205684653600076,13.858725460199043,-6.283185307179587,204.70191618754632,3.782999300595683e-09,5.382361223382759e-13
0.878,0.6121900696422997,2.195704430269402,13.796017871052257,-6.283185307179588,205.06500595505116,4.050039821818355e-09,7.340517083065379e-13
0.879,0.6143803380095658,2.184641758211938,13.726509056285396,-6.2831853071795845,205.41548248850586,4.344671442683587e-09,4.957145804951324e-13
0.88,0.6165589494706889,2.172367241512874,13.649385997437195,-6.283185307179585,205.75143804795852,4.67165763152732e-09,0.0
0.881,0.6187246178797958,2.158727915150225,13.563687586988413,-6.283185307179587,206.0705146420179,5.036837952450647e-09,4.000133557724439e-13
0.882,0.6208758899999163,2.143541463613131,13.468268302875702,-6.283185307179585,206.36981180980794,5.44772732938119e-09,4.303224443447107e-13
0.883,0.6230111125246222,2.1265886079652994,13.361750375001746,-6.283185307179585,206.64579051052974,5.913797856369275e-09,7.05990821359137e-13
0.884,0.6251283902789003,2.1076029294098517,13.242459844815107,-6.283185307179587,206.8941889409734,6.447327163283673e-09,5.873079800267078e-13
0.885,0.6272255325252355,2.0862570352562617,13.108339643527417,-6.283185307179585,207.10998426059237,7.0646042977051325e-09,5.331290964250002e-13
0.886,0.6292999829427294,2.0621433924316244,12.956829165524761,-6.283185307179585,207.2874688333084,7.787469604706401e-09,5.3179682879545e-13
0.887,0.631348726730355,2.0347471967584734,12.784693801033809,-6.283185307179587,207.420574838275,8.64597305373395e-09,7.178702077226262e-13
0.888,0.6333681649171866,2.00340702010221,12.587777674887649,-6.2831853071795845,207.50370327787408,9.682488402743123e-09,5.92081939032596e-13
0.889,0.635353940413332,1.9672561188645914,12.360634876965026,-6.283185307179587,207.5335416830573,1.0958651342761984e-08,4.681810494844285e-13
0.89,0.6373006908740676,1.9251320664977578,12.095961666612489,-6.283185307179587,207.5127828143301,1.2567293659999511e-08,6.404876629062528e-13
0.891,0.6392016866852858,1.8754324099927657,11.783689535760342,-6.283185307179587,207.4574701703981,1.4654611792232003e-08,7.879252805764736e-13
0.892,0.6410482812644825,1.8158740281759234,11.409473212768884,-6.283185307179587,207.4112943377996,1.7463112460331287e-08,1.5498713423767185e-13
0.893,0.6428290399252863,1.7430710031750125,10.952038351140644,-6.283185307179587,207.47351990377166,2.1422553418948874e-08,1.4144241333724494e-13
0.894,0.6445282858963612,1.651746445744011,10.378229283064206,-6.2831853071795845,207.85509879459477,2.7362986119457798e-08,1.6364687382974807e-13
0.895,0.6461235108163499,1.533138611910797,9.63299435743325,-6.283185307179585,208.99903011797272,3.708147488418077e-08,2.581268532253489e-13
0.896,0.6475803531522684,1.3714132807826316,8.616844251302199,-6.283185307179587,211.87066137490964,5.5173080504046867e-08,6.656897255652439e-13
0.897,0.648841632559951,1.1342634171216726,7.126787928401773,-6.283185307179587,218.79482034769578,9.702430364541083e-08,5.56998891454441e-13
0.898,0.6497986805197508,0.7418063035755925,4.660907643140161,-6.283185307179585,236.53232000961268,2.5225582344675143e-07,5.917488721252084e-13
0.8981,0.6498701617248765,0.6871623845805709,4.317569855320433,-6.283185307179585,239.53558405743306,2.911076625703639e-07,5.805356195764944e-13
0.8982,0.6499359738286358,0.6283406224434066,3.947981915023095,-6.283185307179587,242.8937718622568,3.414866369317074e-07,7.429612480791548e-13
0.8983,0.6499956724516367,0.5647934369663844,3.5487032762789124,-6.283185307179587,246.658119080579,4.0903415881358854e-07,8.745226764972358e-13
0.8984,0.650048753377327,0.4958676840128372,3.1156301157788753,-6.283185307179587,250.8881162896008,5.036814314309983e-07,6.437073096776658e-13
0.8985,0.650094640677963,0.42077699446437156,2.643821533590608,-6.283185307179587,255.6524017155859,6.446630226263194e-07,1.177946629127291e-13
0.8986,0.6501326716324658,0.3385647110720649,2.127266678744473,-6.283185307179587,261.02917202727605,8.746475554301614e-07,7.189804307472514e-13
0.8987,0.6501620773052349,0.2480533971134645,1.5585675030516555,-6.283185307179588,267.10540044128913,1.3107645485400423e-06,6.766809335090329e-13
0.8988,0.6501819571623721,0.14777476437697817,0.9284984861037473,-6.283185307179585,273.9734242748558,2.4316721209763516e-06,8.58202398035246e-13
0.8989,0.6501912453173069,0.035870364596888166,0.2253826618145216,-6.283185307179587,281.7220068902203,1.1154559102023248e-05,8.656408923002346e-13
0.899,0.6501886647692171,-0.0900525538567007,-0.5658140596702623,-6.283185307179587,290.41602568732355,4.990300292378287e-06,5.793143742494067e-13
0.8991,0.6501726639617732,-0.23313608537498223,-1.4648340227136833,-6.283185307179587,300.05288768577395,2.1869240578613877e-06,6.293854326600012e-13
0.8992,0.6501413265220828,-0.39760286635622477,-2.498208809744165,-6.283185307179587,310.4712913038147,1.472347837888759e-06,6.874500968478969e-13
0.8993,0.6500922388777022,-0.5892856800497822,-3.702586841984565,-6.283185307179587,321.16229508616357,1.157199218433913e-06,5.774269951075439e-13
0.8994,0.6500222889082725,-0.8165131590173842,-5.1302984036921115,-6.283185307179585,330.881484176831,9.902269370403593e-07,5.019318294330333e-13
0.8995,0.6499273458939394,-1.091674130488114,-6.859184697669507,-6.283185307179585,336.86843386436385,8.979545238580112e-07,9.771072839726003e-13
