xi,phi_prime,phat
-200,1.6720182929e-09,1.6469634903e-09
-199.9023438,1.6955893577e-09,1.5331735673e-09
-199.8046875,1.6363334981e-09,1.3476925870e-09
-199.7070312,1.4955611331e-09,1.1008266728e-09
-199.609375,1.2785813711e-09,8.0564238501e-10
-199.5117188,9.9457779219e-10,4.7728450430e-10
-199.4140625,6.5619128311e-10,1.3220661508e-10
-199.3164062,2.7899829072e-10,-2.1264655073e-10
-199.21875,-1.1927166758e-10,-5.4066492134e-10
-199.1210938,-5.1944476821e-10,-8.3636687434e-10
-199.0234375,-9.0189661080e-10,-1.0861236057e-09
-198.9257812,-1.2474972428e-09,-1.2787802755e-09
-198.828125,-1.5385578093e-09,-1.4061462095e-09
-198.7304688,-1.7597111184e-09,-1.4633328085e-09
-198.6328125,-1.8987416244e-09,-1.4489260300e-09
-198.5351562,-1.9472119842e-09,-1.3649880585e-09
-198.4375,-1.9009943780e-09,-1.2168915842e-09
-198.3398438,-1.7605099922e-09,-1.0129976358e-09
-198.2421875,-1.5308210923e-09,-7.6419571642e-10
-198.1445312,-1.2214682035e-09,-4.8333078995e-10
-198.046875,-8.4608937436e-10,-1.8454712809e-10
-197.9492188,-4.2183362566e-10,1.1741802420e-10
-197.8515625,3.1405221850e-11,4.0795573147e-10
-197.7539062,4.9192458263e-10,6.7328680872e-10
-197.65625,9.3726065604e-10,9.0110975878e-10
-197.5585938,1.3452372312e-09,1.0811652601e-09
-197.4609375,1.6950935341e-09,1.2056913546e-09
-197.3632812,1.9685039887e-09,1.2697497443e-09
-197.265625,2.1505526514e-09,1.2714096879e-09
-197.1679688,2.2305319432e-09,1.2117836116e-09
-197.0703125,2.2025082983e-09,1.0949152977e-09
-196.9726562,2.0657660371e-09,9.2752911131e-10
-196.875,1.8248857750e-09,7.1865474392e-10
-196.7773438,1.4896633636e-09,4.7914819197e-10
-196.6796875,1.0747595648e-09,2.2113377073e-10
-196.5820312,5.9898943857e-10,-4.2604183650e-11
-196.484375,8.4529817416e-11,-2.9924991760e-10
-196.3867188,-4.4411148954e-10,-5.3657423340e-10
-196.2890625,-9.6124018089e-10,-7.4351252642e-10
-196.1914062,-1.4412244649e-09,-9.1067553588e-10
-196.09375,-1.8597729774e-09,-1.0307697539e-09
-195.9960938,-2.1951368186e-09,-1.0989086973e-09
-195.8984375,-2.4292196706e-09,-1.1128024003e-09
-195.8007812,-2.5485373066e-09,-1.0728180551e-09
-195.703125,-2.5450062952e-09,-9.8191161324e-10
-195.6054688,-2.4164036585e-09,-8.4543583532e-10
-195.5078125,-2.1666089821e-09,-6.7083667286e-10
-195.4101562,-1.8055386421e-09,-4.6725446786e-10
-195.3125,-1.3487453587e-09,-2.4505127917e-10
-195.2148438,-8.1681606499e-10,-1.5288242317e-11
-195.1171875,-2.3441073284e-10,2.1082062406e-10
-195.0195312,3.7085697240e-10,4.2245168013e-10
-194.921875,9.6971170169e-10,6.0968559688e-10
-194.8242188,1.5325924367e-09,7.6396804072e-10
-194.7265625,2.0311690046e-09,8.7849564965e-10
-194.6289062,2.4397015683e-09,9.4851041786e-10
-194.53125,2.7363654110e-09,9.7148977010e-10
-194.4335938,2.9043939444e-09,9.4722544890e-10
-194.3359375,2.9330320779e-09,8.7778925037e-10
-194.2382812,2.8181866808e-09,7.6738971113e-10
-194.140625,2.5626769915e-09,6.2212844404e-10
-194.0429688,2.1763142261e-09,4.4967007171e-10
-193.9453125,1.6755276305e-09,2.5884301755e-10
-193.8476562,1.0826914204e-09,5.9192003360e-11
-193.75,4.2512499011e-10,-1.3949555968e-10
-193.6523438,-2.6613047005e-10,-3.2766567310e-10
-193.5546875,-9.5778866340e-10,-4.9645365916e-10
-193.4570312,-1.6158715873e-09,-6.3809799659e-10
-193.359375,-2.2074114831e-09,-7.4629325066e-10
-193.2617188,-2.7020472546e-09,-8.1646595623e-10
-193.1640625,-3.0736032012e-09,-8.4596193766e-10
-193.0664062,-3.3014280367e-09,-8.3413742884e-10
-192.96875,-3.3715447614e-09,-7.8235174737e-10
-192.8710938,-3.2774219501e-09,-6.9386345020e-10
-192.7734375,-3.0204811669e-09,-5.7363712630e-10
-192.6757812,-2.6101823965e-09,-4.2807153303e-10
-192.578125,-2.0636972343e-09,-2.6466398784e-10
-192.4804688,-1.4052026085e-09,-9.1628090416e-11
-192.3828125,-6.6484612422e-10,8.2515602180e-11
-192.2851562,1.2258179160e-10,2.4935602462e-10
-192.1875,9.1932389997e-10,4.0099466097e-10
-192.0898438,1.6864415383e-09,5.3041636528e-10
-191.9921875,2.3856778973e-09,6.3181037744e-10
-191.8945312,2.9813441449e-09,7.0082733960e-10
-191.796875,3.4421868088e-09,7.3476083287e-10
-191.6992188,3.7429481674e-09,7.3264645247e-10
-191.6015625,3.8657324195e-09,6.9527490077e-10
-191.5039062,3.8010308283e-09,6.2512043484e-10
-191.40625,3.5483718563e-09,5.2618940770e-10
-191.3085938,3.1165091456e-09,4.0379805410e-10
-191.2109375,2.5231589011e-09,2.6429125077e-10
-191.1132812,1.7943150269e-09,1.1471725802e-10
-191.015625,9.6315392334e-10,-3.7525376480e-11
-190.9179688,6.8475232983e-11,-1.8505087612e-10
-190.8203125,-8.4699577101e-10,-3.2084190756e-10
-190.7226562,-1.7386975564e-09,-4.3858053772e-10
-190.625,-2.5623779194e-09,-5.3293933867e-10
-190.5273438,-3.2762580004e-09,-5.9981904017e-10
-190.4296875,-3.8431143365e-09,-6.3652263994e-10
-190.3320312,-4.2322425995e-09,-6.4185845816e-10
-190.234375,-4.4210843631e-09,-6.1616886971e-10
-190.1367188,-4.3964605912e-09,-5.6128440838e-10
-190.0390625,-4.1554020735e-09,-4.8040722328e-10
-189.9414062,-3.7055571659e-09,-3.7793050814e-10
-189.84375,-3.0649319394e-09,-2.5920417210e-10
-189.7460938,-2.2613034410e-09,-1.3025872192e-10
-189.6484375,-1.3309581261e-09,2.4981948486e-12
-189.5507812,-3.1711586025e-10,1.3259779264e-10
-189.453125,7.3206647079e-10,2.5382288197e-10
-189.3554688,1.7657262198e-09,3.6050268217e-10
-189.2578125,2.7327942164e-09,4.4777549859e-10
-189.1601562,3.5844812090e-09,5.1180757753e-10
-189.0625,4.2767055263e-09,5.4995807658e-10
-188.9648438,4.7723491607e-09,5.6088358918e-10
-188.8671875,5.0432490762e-09,5.4457798435e-10
-188.7695312,5.0717333417e-09,5.0234723789e-10
-188.671875,4.8516560047e-09,4.3672134905e-10
-188.5742188,4.3889968673e-09,3.5130915079e-10
-188.4765625,3.7017466266e-09,2.5060373630e-10
-188.3789062,2.8192947846e-09,1.3974918446e-10
-188.28125,1.7811812487e-09,2.4280196437e-11
-188.1835938,6.3534503922e-10,-9.0151927898e-11
-188.0859375,-5.6401101000e-10,-1.9805387917e-10
-187.9882812,-1.7590304898e-09,-2.9435188370e-10
-187.890625,-2.8909432206e-09,-3.7462822415e-10
-187.7929688,-3.9029097578e-09,-4.3532144650e-10
-187.6953125,-4.7428856423e-09,-4.7388167534e-10
-187.5976562,-5.3662706443e-09,-4.8887403767e-10
-187.5,-5.7382332043e-09,-4.8002658028e-10
-187.4023438,-5.8356016148e-09,-4.4822105540e-10
-187.3046875,-5.6482421704e-09,-3.9542848883e-10
-187.2070312,-5.1798005167e-09,-3.2459331031e-10
-187.109375,-4.4478150323e-09,-2.3947299208e-10
-187.0117188,-3.4831028836e-09,-1.4444138974e-10
-186.9140625,-2.3285096032e-09,-4.4266337006e-11
-186.8164062,-1.0370626235e-09,5.6127683399e-11
-186.71875,3.3047240367e-10,1.5189968746e-10
-186.6210938,1.7084304410e-09,2.3852391986e-10
-186.5234375,3.0293014441e-09,3.1200177425e-10
-186.4257812,4.2271151059e-09,3.6904446237e-10
-186.328125,5.2406630243e-09,4.0721779923e-10
-186.2304688,6.0165583721e-09,4.2504324516e-10
-186.1328125,6.5120320596e-09,4.2205077913e-10
-186.0351562,6.6973167138e-09,3.9878237118e-10
-185.9375,6.5572537259e-09,3.5674643463e-10
-185.8398438,6.0923944855e-09,2.9832678655e-10
-185.7421875,5.3192425725e-09,2.2665097313e-10
-185.6445312,4.2697436114e-09,1.4542548033e-10
-185.546875,2.9900868513e-09,5.8746000373e-11
-185.4492188,1.5386409045e-09,-2.9107225682e-11
-185.3515625,-1.6646506693e-11,-1.1387924802e-10
-185.2539062,-1.6014344362e-09,-1.9154481702e-10
-185.15625,-3.1384304361e-09,-2.5849802328e-10
-185.0585938,-4.5512217792e-09,-3.1171790684e-10
-184.9609375,-5.7679977390e-09,-3.4890292502e-10
-184.8632812,-6.7251618878e-09,-3.6856798549e-10
-184.765625,-7.3706669472e-09,-3.7010049643e-10
-184.6679688,-7.6667284664e-09,-3.5377310389e-10
-184.5703125,-7.5919805604e-09,-3.2071374430e-10
-184.4726562,-7.1428696391e-09,-2.7283485537e-10
-184.375,-6.3341994449e-09,-2.1272635276e-10
-184.2773438,-5.1986458236e-09,-1.4351780329e-10
-184.1796875,-3.7856253051e-09,-6.8717442561e-11
-184.0820312,-2.1591571152e-09,7.9641850613e-12
-183.984375,-3.9494733298e-10,8.2796752119e-11
-183.8867188,1.4230358161e-09,1.5221035066e-10
-183.7890625,3.2065362251e-09,2.1296431036e-10
-183.6914062,4.8672824553e-09,2.6229714178e-10
-183.59375,6.3213249477e-09,2.9805031494e-10
-183.4960938,7.4932120890e-09,3.1876083772e-10
-183.3984375,8.3198836477e-09,3.2371834079e-10
-183.3007812,8.7540212854e-09,3.1298502770e-10
-183.203125,8.7666462236e-09,2.8737780677e-10
-183.1054688,8.3489492092e-09,2.4841462126e-10
-183.0078125,7.5130312705e-09,1.9822781350e-10
-182.9101562,6.2918159099e-09,1.3944976221e-10
-182.8125,4.7377786950e-09,7.5076395919e-11
-182.7148438,2.9207474484e-09,8.3160188586e-12
-182.6171875,9.2487093385e-10,-5.7569426167e-11
-182.5195312,-1.1553173963e-09,-1.1942242506e-10
-182.421875,-3.2192859603e-09,-1.7434012949e-10
-182.3242188,-5.1653474763e-09,-2.1980923179e-10
-182.2265625,-6.8956178923e-09,-2.5381971809e-10
-182.1289062,-8.3209044405e-09,-2.7495197686e-10
-182.03125,-9.3652560345e-09,-2.8243402268e-10
-181.9335938,-9.9699757509e-09,-2.7616620080e-10
-181.8359375,-1.0096793972e-08,-2.5671325355e-10
-181.7382812,-9.7301477030e-09,-2.2526430347e-10
-181.640625,-8.8784521318e-09,-1.8356374654e-10
-181.5429688,-7.5740826217e-09,-1.3381648697e-10
-181.4453125,-5.8723064199e-09,-7.8573024695e-11
-181.3476562,-3.8489381009e-09,-2.0599860007e-11
-181.25,-1.5970974513e-09,3.7257802501e-11
-181.1523438,7.7704974802e-10,9.2214748181e-11
-181.0546875,3.1592948382e-09,1.4167867572e-10
-180.9570312,5.4327648462e-09,1.8337151761e-10
-180.859375,7.4836885498e-09,2.1543307168e-10
-180.7617188,9.2070045468e-09,2.3650275301e-10
-180.6640625,1.0511676129e-08,2.4577548040e-10
-180.5664062,1.1325452430e-08,2.4302996580e-10
-180.46875,1.1598809516e-08,2.2862810301e-10
-180.3710938,1.1307804140e-08,2.0348650692e-10
-180.2734375,1.0455733180e-08,1.6902163560e-10
-180.1757812,9.0735100529e-09,1.2707211624e-10
-180.078125,7.2186961642e-09,7.9801979130e-11
-179.9804688,4.9732028845e-09,2.9590301115e-11
-179.8828125,2.4396820480e-09,-2.1087641003e-11
-179.7851562,-2.6302213973e-10,-6.9781342015e-11
-179.6875,-3.0054463280e-09,-1.1418277459e-10
-179.5898438,-5.6536945424e-09,-1.5223474210e-10
-179.4921875,-8.0758450289e-09,-1.8222531764e-10
-179.3945312,-1.0148524611e-08,-2.0286360285e-10
-179.296875,-1.1763119337e-08,-2.1333399725e-10
-179.1992188,-1.2831412804e-08,-2.1332628916e-10
-179.1015625,-1.3290276480e-08,-2.0304106680e-10
-179.0039062,-1.3105317476e-08,-1.8317017273e-10
-178.90625,-1.2273056541e-08,-1.5485410920e-10
-178.8085938,-1.0821769712e-08,-1.1961839656e-10
-178.7109375,-8.8106744627e-09,-7.9292844532e-11
-178.6132812,-6.3276391174e-09,-3.5917459325e-11
-178.515625,-3.4854312141e-09,8.3597308358e-12
-178.4179688,-4.1666652365e-10,5.1388350288e-11
-178.3203125,2.7323592940e-09,9.1119195881e-11
-178.2226562,5.8085264187e-09,1.2570115429e-10
-178.125,8.6593039669e-09,1.5356647418e-10
-178.0273438,1.1140312918e-08,1.7350100843e-10
-177.9296875,1.3122487108e-08,1.8469582719e-10
-177.8320312,1.4498743524e-08,1.8677857484e-10
-177.734375,1.5189691606e-08,1.7982294213e-10
-177.6367188,1.5148017713e-08,1.6433672157e-10
-177.5390625,1.4361520404e-08,1.4122892312e-10
-177.4414062,1.2854299479e-08,1.1175844332e-10
-177.34375,1.0686364515e-08,7.7466603136e-11
-177.2460938,7.9513066533e-09,4.0097624185e-11
-177.1484375,4.7724182397e-09,1.5105923580e-12
-177.0507812,1.2971880852e-09,-3.6412173244e-11
-176.953125,-2.3094561005e-09,-7.1856378154e-11
-176.8554688,-5.8729259774e-09,-1.0316173113e-10
-176.7578125,-9.2173576095e-09,-1.2889912009e-10
-176.6601562,-1.2174211636e-08,-1.4793491617e-10
-176.5625,-1.4590715552e-08,-1.5948007447e-10
-176.4648438,-1.6337656043e-08,-1.6312143438e-10
-176.3671875,-1.7316192560e-08,-1.5883457491e-10
-176.2695312,-1.7463280198e-08,-1.4697743348e-10
-176.171875,-1.6755478959e-08,-1.2826588900e-10
-176.0742188,-1.5210917443e-08,-1.0373230283e-10
-175.9765625,-1.2889155314e-08,-7.4669869300e-11
-175.8789062,-9.8890833588e-09,-4.2565197766e-11
-175.78125,-6.3448420126e-09,-9.0231305009e-12
-175.6835938,-2.4199125625e-09,2.4312965987e-11
-175.5859375,1.7003489377e-09,5.5840975628e-11
-175.4882812,5.8173544996e-09,8.4076564173e-11
-175.390625,9.7288456014e-09,1.0772230567e-10
-175.2929688,1.3238702952e-08,1.2572675306e-10
-175.1953125,1.6166691292e-08,1.3733025985e-10
-175.0976562,1.8357654519e-08,1.4209613901e-10
-175,1.9689651269e-08,1.3992539598e-10
-174.9023438,2.0080496362e-08,1.3105518304e-10
-174.8046875,1.9492683399e-08,1.1604081582e-10
-174.7070312,1.7935977535e-08,9.5723078298e-11
-174.609375,1.5468000249e-08,7.1182125166e-11
-174.5117188,1.2192207020e-08,4.3681007043e-11
-174.4140625,8.2537448152e-09,1.4601187698e-11
-174.3164062,3.8331498936e-09,-1.4626135833e-11
-174.21875,-8.6182953487e-10,-4.2590073835e-11
-174.1210938,-5.6059441839e-09,-6.7967490831e-11
-174.0234375,-1.0167151399e-08,-8.9585214208e-11
-173.9257812,-1.4317837399e-08,-1.0647355089e-10
-173.828125,-1.7846134353e-08,-1.1790925775e-10
-173.7304688,-2.0566639050e-08,-1.2344553765e-10
-173.6328125,-2.2329981076e-08,-1.2292842447e-10
-173.5351562,-2.3030897160e-08,-1.1649846572e-10
-173.4375,-2.2614276891e-08,-1.0457846589e-10
-173.3398438,-2.1078789162e-08,-8.7847582513e-11
-173.2421875,-1.8478059605e-08,-6.7203849915e-11
-173.1445312,-1.4919088345e-08,-4.3716589646e-11
-173.046875,-1.0558010166e-08,-1.8571762458e-11
-172.9492188,-5.5933935345e-09,6.9875406297e-12
-172.8515625,-2.5731459316e-10,3.1721936801e-11
-172.7539062,5.1953612491e-09,5.4455535775e-11
-172.65625,1.0499077519e-08,7.4131235644e-11
-172.5585938,1.5390436183e-08,8.9859527416e-11
-172.4609375,1.9621163689e-08,1.0095800405e-10
-172.3632812,2.2970587473e-08,1.0698042631e-10
-172.265625,2.5257042223e-08,1.0773356495e-10
-172.1679688,2.6347487728e-08,1.0328182237e-10
-172.0703125,2.6165077855e-08,9.3939062099e-11
-171.9726562,2.4693950525e-08,8.0248867921e-11
-171.875,2.1981294997e-08,6.2953819622e-11
-171.7773438,1.8136141838e-08,4.2956061941e-11
-171.6796875,1.3325296394e-08,2.1270644946e-11
-171.5820312,7.7662155936e-09,-1.0253889323e-12
-171.484375,1.7174100295e-09,-2.2846227514e-11
-171.3867188,-4.5336048667e-09,-4.3149620993e-11
-171.2890625,-1.0683707535e-08,-6.0986412485e-11
-171.1914062,-1.6428899203e-08,-7.5544339644e-11
-171.09375,-2.1479088811e-08,-8.6184702433e-11
-170.9960938,-2.5572683273e-08,-9.2469669427e-11
-170.8984375,-2.8489969811e-08,-9.4179684575e-11
-170.8007812,-3.0064765835e-08,-9.1319724865e-11
-170.703125,-3.0193563550e-08,-8.4114921809e-11
-170.6054688,-2.8841849731e-08,-7.2995358113e-11
-170.5078125,-2.6047200922e-08,-5.8571582933e-11
-170.4101562,-2.1918748498e-08,-4.1601597156e-11
-170.3125,-1.6633303649e-08,-2.2951669164e-11
-170.2148438,-1.0427910810e-08,-3.5523784936e-12
-170.1171875,-3.5894406292e-09,1.5647294043e-11
-170.0195312,3.5585508402e-09,3.3726191585e-11
-169.921875,1.0671005048e-08,4.9834676346e-11
-169.8242188,1.7397919724e-08,6.3234351540e-11
-169.7265625,2.3401343427e-08,7.3331357153e-11
-169.6289062,2.8372336750e-08,7.9702374672e-11
-169.53125,3.2046630334e-08,8.2111609299e-11
-169.4335938,3.4218464525e-08,8.0518723107e-11
-169.3359375,3.4751919375e-08,7.5076889135e-11
-169.2382812,3.3588861810e-08,6.6121870916e-11
-169.140625,3.0753393975e-08,5.4152201592e-11
-169.0429688,2.6352163644e-08,3.9802212331e-11
-168.9453125,2.0570874044e-08,2.3808719943e-11
-168.8476562,1.3666574541e-08,6.9737272532e-12
-168.75,5.9565039499e-09,-9.8756194616e-12
-168.6523438,-2.1963348801e-09,-2.5927204050e-11
-168.5546875,-1.0400122586e-08,-4.0422938785e-11
-168.4570312,-1.8252917159e-08,-5.2694097833e-11
-168.359375,-2.5362177463e-08,-6.2191988035e-11
-168.2617188,-3.1364240452e-08,-6.8511932524e-11
-168.1640625,-3.5942714033e-08,-7.1410176630e-11
-168.0664062,-3.8845014745e-08,-7.0812398110e-11
-167.96875,-3.9895900902e-08,-6.6814212091e-11
-167.8710938,-3.9007714479e-08,-5.9673157840e-11
-167.7734375,-3.6186288793e-08,-4.9793358959e-11
-167.6757812,-3.1532548436e-08,-3.7703091793e-11
-167.578125,-2.5239363721e-08,-2.4027123853e-11
-167.4804688,-1.7583901895e-08,-9.4546078449e-12
-167.3828125,-8.9156378293e-09,5.2951885574e-12
-167.2851562,3.5941782269e-10,1.9508274529e-11
-167.1875,9.7975028511e-09,3.2510071768e-11
-167.0898438,1.8938236833e-08,4.3697326001e-11
-166.9921875,2.7326885395e-08,5.2565645309e-11
-166.8945312,3.4536742117e-08,5.8732077488e-11
-166.796875,4.0190738938e-08,6.1951076615e-11
-166.6992188,4.3980828558e-08,6.2123874021e-11
-166.6015625,4.5684573540e-08,5.9300268560e-11
-166.5039062,4.5177622062e-08,5.3673555722e-11
-166.40625,4.2441827486e-08,4.5568308495e-11
-166.3085938,3.7568131227e-08,3.5422399047e-11
-166.2109375,3.0754276687e-08,2.3763572130e-11
-166.1132812,2.2297111517e-08,1.1182469580e-11
-166.015625,1.2580039896e-08,-1.6971947417e-12
-165.9179688,2.0557711012e-09,-1.4249148744e-11
-165.8203125,-8.7745102775e-09,-2.5874952219e-11
-165.7226562,-1.9384808081e-08,-3.6032129167e-11
-165.625,-2.9249691201e-08,-4.4259403810e-11
-165.5273438,-3.7870115950e-08,-5.0197204575e-11
-165.4296875,-4.4798434664e-08,-5.3603215141e-11
-165.3320312,-4.9661356306e-08,-5.4361639946e-11
-165.234375,-5.2179814648e-08,-5.2486537145e-11
-165.1367188,-5.2184463183e-08,-4.8118490977e-11
-165.0390625,-4.9626050474e-08,-4.1515593241e-11
-164.9414062,-4.4580353065e-08,-3.3038593479e-11
-164.84375,-3.7246708614e-08,-2.3131729701e-11
-164.7460938,-2.7940749551e-08,-1.2299559232e-11
-164.6484375,-1.7081138556e-08,-1.0816702047e-12
-164.5507812,-5.1710066826e-09,9.9741567594e-12
-164.453125,7.2251590796e-09,2.0338323335e-11
-164.3554688,1.9507940912e-08,2.9524755029e-11
-164.2578125,3.1071844589e-08,3.7113314671e-11
-164.1601562,4.1334880697e-08,4.2768958951e-11
-164.0625,4.9767634148e-08,4.6256080781e-11
-163.9648438,5.5920237196e-08,4.7448136293e-11
-163.8671875,5.9446098686e-08,4.6331483443e-11
-163.7695312,6.0120844115e-08,4.3004058501e-11
-163.671875,5.7855808824e-08,3.7668350676e-11
-163.5742188,5.2704951076e-08,3.0619825826e-11
-163.4765625,4.4865067253e-08,2.2230738908e-11
-163.3789062,3.4668815417e-08,1.2930909591e-11
-163.28125,2.2571113820e-08,3.1857373723e-12
-163.1835938,9.1290994631e-09,-6.5267225496e-12
-163.0859375,-5.0231808495e-09,-1.5739210988e-11
-162.9882812,-1.9204448035e-08,-2.4017391929e-11
-162.890625,-3.2718728027e-08,-3.0980328030e-11
-162.7929688,-4.4889263376e-08,-3.6317634409e-11
-162.6953125,-5.5092071281e-08,-3.9803264268e-11
-162.5976562,-6.2787718194e-08,-4.1304608549e-11
-162.5,-6.7549368301e-08,-4.0787280142e-11
-162.4023438,-6.9085994116e-08,-3.8314713726e-11
-162.3046875,-6.7259272483e-08,-3.4043421867e-11
-162.2070312,-6.2093425689e-08,-2.8213495151e-11
-162.109375,-5.3777101892e-08,-2.1135620093e-11
-162.0117188,-4.2657411358e-08,-1.3174580185e-11
-161.9140625,-2.9225888059e-08,-4.7308302126e-12
-161.8164062,-1.4097212284e-08,3.7796611062e-12
-161.71875,2.0186129419e-09,1.1945564985e-11
-161.6210938,1.8349249866e-08,1.9380104411e-11
-161.5234375,3.4096783689e-08,2.5739035402e-11
-161.4257812,4.8476391934e-08,3.0736603587e-11
-161.328125,6.0755138627e-08,3.4158009237e-11
-161.2304688,7.0289013007e-08,3.5868585141e-11
-161.1328125,7.6556260217e-08,3.5818568277e-11
-161.0351562,7.9185415295e-08,3.4044060708e-11
-160.9375,7.7976468604e-08,3.0663463602e-11
-160.8398438,7.2914014307e-08,2.5870386733e-11
-160.7421875,6.4171632991e-08,1.9922696880e-11
-160.6445312,5.2107030882e-08,1.3129053523e-11
-160.546875,3.7248067734e-08,5.8328800815e-12
-160.4492188,2.0270121733e-08,-1.6046581261e-12
-160.3515625,1.9658172528e-09,-8.8225815204e-12
-160.2539062,-1.6791648078e-08,-1.5477295595e-11
-160.15625,-3.5089777039e-08,-2.1259001535e-11
-160.0585938,-5.2020911746e-08,-2.5905786781e-11
-159.9609375,-6.6726799838e-08,-2.9215518229e-11
-159.8632812,-7.8441793046e-08,-3.1054248387e-11
-159.765625,-8.6532205403e-08,-3.1361556255e-11
-159.6679688,-9.0530064865e-08,-3.0151862544e-11
-159.5703125,-9.0159266939e-08,-2.7512495913e-11
-159.4726562,-8.5352941911e-08,-2.3597900846e-11
-159.375,-7.6260718021e-08,-1.8621106042e-11
-159.2773438,-6.3245689517e-08,-1.2842149108e-11
-159.1796875,-4.6870680915e-08,-6.5548424819e-12
-159.0820312,-2.7874518997e-08,-7.1779342020e-14
-158.984375,-7.1391793614e-09,6.2908924671e-12
-158.8867188,1.4350783733e-08,1.2228963930e-11
-158.7890625,3.5554550705e-08,1.7464399278e-11
-158.6914062,5.5425081879e-08,2.1758426015e-11
-158.59375,7.2960411727e-08,2.4922093819e-11
-158.4960938,8.7253789134e-08,2.6824621361e-11
-158.3984375,9.7540018500e-08,2.7398390291e-11
-158.3007812,1.0323580406e-07,2.6641192190e-11
-158.203125,1.0397195805e-07,2.4614888858e-11
-158.1054688,9.9615682102e-08,2.1441404369e-11
-158.0078125,9.0281758528e-08,1.7295506101e-11
-157.9101562,7.6331656091e-08,1.2395572251e-11
-157.8125,5.8360609050e-08,6.9920392813e-12
-157.7148438,3.7172972403e-08,1.3549215539e-12
-157.6171875,1.3746753624e-08,-4.2397706372e-12
-157.5195312,-1.0811046146e-08,-9.5232448776e-12
-157.421875,-3.5316274332e-08,-1.4246938501e-11
-157.3242188,-5.8564279540e-08,-1.8193908122e-11
-157.2265625,-7.9388718921e-08,-2.1188877909e-11
-157.1289062,-9.6719557545e-08,-2.3105687765e-11
-157.03125,-1.0963747700e-07,-2.3872634076e-11
-156.9335938,-1.1742203789e-07,-2.3474682641e-11
-156.8359375,-1.1959086543e-07,-2.1953311742e-11
-156.7382812,-1.1592804550e-07,-1.9403231874e-11
-156.640625,-1.0649986721e-07,-1.5967007677e-11
-156.5429688,-9.1657086875e-08,-1.1827071974e-11
-156.4453125,-7.2023248091e-08,-7.1963773434e-12
-156.3476562,-4.8469356207e-08,-2.3073493306e-12
-156.25,-2.2075945868e-08,2.5994801062e-12
-156.1523438,5.9159483637e-09,7.2874205872e-12
-156.0546875,3.4162606625e-08,1.1534749063e-11
-155.9570312,6.1281601294e-08,1.5145311424e-11
-155.859375,8.5918980372e-08,1.7957279249e-11
-155.7617188,1.0681627034e-07,1.9850496486e-11
-155.6640625,1.2287421156e-07,2.0751266064e-11
-155.5664062,1.3320981263e-07,2.0635219229e-11
-155.46875,1.3720395893e-07,1.9527339944e-11
-155.3710938,1.3453690503e-07,1.7500025126e-11
-155.2734375,1.2520989650e-07,1.4668482608e-11
-155.1757812,1.0955127807e-07,1.1184570034e-11
-155.078125,8.8206814261e-08,7.2285692057e-12
-154.9804688,6.2114094136e-08,3.0001653233e-12
-154.8828125,3.2462206648e-08,-1.2917542639e-12
-154.7851562,6.3820819103e-10,-5.4391309478e-12
-154.6875,-3.1837119071e-08,-9.2449536034e-12
-154.5898438,-6.3381390293e-08,-1.2532329447e-11
-154.4921875,-9.2427114272e-08,-1.5152833183e-11
-154.3945312,-1.1749899273e-07,-1.6992903100e-11
-154.296875,-1.3728813856e-07,-1.7978857673e-11
-154.1992188,-1.5071967835e-07,-1.8079471397e-11
-154.1015625,-1.5701002990e-07,-1.7306879855e-11
-154.0039062,-1.5571113024e-07,-1.5714953353e-11
-153.90625,-1.4673889665e-07,-1.3396116420e-11
-153.8085938,-1.3038455026e-07,-1.0475944073e-11
-153.7109375,-1.0730752090e-07,-7.1066913645e-12
-153.6132812,-7.8510322563e-08,-3.4592332100e-12
-153.515625,-4.5295937172e-08,2.8531003513e-13
-153.4179688,-9.2097125055e-09,3.9447099521e-12
-153.3203125,2.8031912090e-08,7.3442157841e-12
-153.2226562,6.4622224957e-08,1.0325046759e-11
-153.125,9.8751360134e-08,1.2751520727e-11
-153.0273438,1.2869504665e-07,1.4517366169e-11
-152.9296875,1.5290102196e-07,1.5550063157e-11
-152.8320312,1.7006859187e-07,1.5813909297e-11
-152.734375,1.7921740184e-07,1.5310818265e-11
-152.6367188,1.7974186543e-07,1.4079726476e-11
-152.5390625,1.7144821747e-07,1.2193790862e-11
-152.4414062,1.5457203159e-07,9.7564287994e-12
-152.34375,1.2977499782e-07,6.8955377700e-12
-152.2460938,9.8120735742e-08,3.7570849817e-12
-152.1484375,6.1030449181e-08,4.9750936174e-13
-152.0507812,2.0219976693e-08,-2.7237952859e-12
-151.953125,-2.2378692443e-08,-5.7524369513e-12
-151.8554688,-6.4708097917e-08,-8.4461470089e-12
-151.7578125,-1.0468391656e-07,-1.0681624306e-11
-151.6601562,-1.4029681458e-07,-1.2359891019e-11
-151.5625,-1.6971258846e-07,-1.3410818540e-11
-151.4648438,-1.9136572245e-07,-1.3795731783e-11
-151.3671875,-2.0404143068e-07,-1.3508894196e-11
-151.2695312,-2.0694225910e-07,-1.2576930754e-11
-151.171875,-1.9973527795e-07,-1.1057150342e-11
-151.0742188,-1.8257754692e-07,-9.0339736353e-12
-150.9765625,-1.5611795699e-07,-6.6145721481e-12
-150.8789062,-1.2147490033e-07,-3.9230447159e-12
-150.78125,-8.0190480219e-08,-1.0943404608e-12
-150.6835938,-3.4163075023e-08,1.7326761836e-12
-150.5859375,1.4439008626e-08,4.4217641620e-12
-150.4882812,6.3278732041e-08,6.8460459495e-12
-150.390625,1.0996189893e-07,8.8937137167e-12
-150.2929688,1.5215357214e-07,1.0473354829e-11
-150.1953125,1.8769394455e-07,1.1517737484e-11
-150.0976562,2.1470779861e-07,1.1986815165e-11
-150,2.3170220067e-07,1.1868907087e-11
-149.9023438,2.3764724062e-07,1.1180947480e-11
-149.8046875,2.3203566104e-07,9.9668931261e-12
-149.7070312,2.1491791407e-07,8.2953191409e-12
-149.609375,1.8691064582e-07,6.2554147682e-12
-149.5117188,1.4917729325e-07,3.9525238593e-12
-149.4140625,1.0338174657e-07,1.5025308155e-12
-149.3164062,5.1616257824e-08,-9.7369113570e-13
-149.21875,-3.6929337437e-09,-3.3564290939e-12
-149.1210938,-5.9898278162e-08,-5.5326418875e-12
-149.0234375,-1.1425658016e-07,-7.4015096847e-12
-148.9257812,-1.6406198012e-07,-8.8788230187e-12
-148.828125,-2.0677950304e-07,-9.9009544858e-12
-148.7304688,-2.4017291014e-07,-1.0427295795e-11
-148.6328125,-2.6242036188e-07,-1.0442007801e-11
-148.5351562,-2.7221202932e-07,-9.9540751661e-12
-148.4375,-2.6882428529e-07,-8.9966343013e-12
-148.3398438,-2.5216680355e-07,-7.6246803974e-12
-148.2421875,-2.2279919126e-07,-5.9122370657e-12
-148.1445312,-1.8191628969e-07,-3.9481914688e-12
-148.046875,-1.3130177415e-07,-1.8319663911e-12
-147.9492188,-7.3252090950e-08,3.3170618039e-13
-147.8515625,-1.0473607740e-08,2.4376925085e-12
-147.7539062,5.4042341580e-08,4.3857655596e-12
-147.65625,1.1716081228e-07,6.0850993336e-12
-147.5585938,1.7575436808e-07,7.4587016521e-12
-147.4609375,2.2685697297e-07,8.4466180286e-12
-147.3632812,2.6781268152e-07,9.0087325615e-12
-147.265625,2.9641220993e-07,9.1260803542e-12
-147.1679688,3.1101010544e-07,8.8015966746e-12
-147.0703125,3.1061661833e-07,8.0593159521e-12
-146.9726562,2.9495898714e-07,6.9430521141e-12
-146.875,2.6450891475e-07,5.5136687924e-12
-146.7773438,2.2047382150e-07,3.8460643719e-12
-146.6796875,1.6475190123e-07,2.0250543592e-12
-146.5820312,9.9852342328e-08,1.4134024353e-13
-146.484375,2.8784017115e-08,-1.7132141321e-12
-146.3867188,-4.5082642109e-08,-3.4497848627e-12
-146.2890625,-1.1817403124e-07,-4.9870513088e-12
-146.1914062,-1.8688506493e-07,-6.2547241233e-12
-146.09375,-2.4775553058e-07,-7.1969640136e-12
-145.9960938,-2.9764293202e-07,-7.7745490054e-12
-145.8984375,-3.3388298461e-07,-7.9666910983e-12
-145.8007812,-3.5442985060e-07,-7.7714385248e-12
-145.703125,-3.5796856650e-07,-7.2056559541e-12
-145.6054688,-3.4399399346e-07,-6.3036053186e-12
-145.5078125,-3.1285132610e-07,-5.1152103863e-12
-145.4101562,-2.6573573320e-07,-3.7031050635e-12
-145.3125,-2.0465017416e-07,-2.1396221431e-12
-145.2148438,-1.3232282103e-07,-5.0287569445e-13
-145.1171875,-5.2087127461e-08,1.1268622600e-12
-145.0195312,3.2270038042e-08,2.6713182047e-12
-144.921875,1.1668563384e-07,4.0576983924e-12
-144.8242188,1.9701458384e-07,5.2223397979e-12
-144.7265625,2.6923178686e-07,6.1133503902e-12
-144.6289062,3.2963212482e-07,6.6931338807e-12
-144.53125,3.7501873008e-07,6.9396749467e-12
-144.4335938,4.0286985517e-07,6.8475531105e-12
-144.3359375,4.1147594655e-07,6.4276336425e-12
-144.2382812,4.0003935693e-07,5.7064854303e-12
-144.140625,3.6873135723e-07,4.7245476942e-12
-144.0429688,3.1870255408e-07,3.5341708417e-12
-143.9453125,2.5204549397e-07,2.1966134499e-12
-143.8476562,1.7171018038e-07,7.7917637351e-13
-143.75,8.1375986722e-08,-6.4840875350e-13
-143.6523438,-1.4715012959e-08,-2.0171286791e-12
-143.5546875,-1.1195526405e-07,-3.2622540296e-12
-143.4570312,-2.0559106855e-07,-4.3261183016e-12
-143.359375,-2.9095310045e-07,-5.1610164743e-12
-143.2617188,-3.6368749210e-07,-5.7310547846e-12
-143.1640625,-4.1997575573e-07,-6.0139109261e-12
-143.0664062,-4.5673280163e-07,-6.0013916443e-12
-142.96875,-4.7177272552e-07,-5.6998155543e-12
-142.8710938,-4.6393374696e-07,-5.1291726895e-12
-142.7734375,-4.3315515955e-07,-4.3221597272e-12
-142.6757812,-3.8050180686e-07,-3.3221029076e-12
-142.578125,-3.0813366661e-07,-2.1809284533e-12
-142.4804688,-2.1922116806e-07,-9.5623705277e-13
-142.3828125,-1.1780907184e-07,2.9131763809e-13
-142.2851562,-8.6348890879e-09,1.5012696900e-12
-142.1875,1.0309031654e-07,2.6159875119e-12
-142.0898438,2.1192867199e-07,3.5836574031e-12
-141.9921875,3.1247816351e-07,4.3604050853e-12
-141.8945312,3.9963863298e-07,4.9125200590e-12
-141.796875,4.6886821844e-07,5.2176214593e-12
-141.6992188,5.1641725905e-07,5.2657834730e-12
-141.6015625,5.3952793837e-07,5.0595111669e-12
-141.5039062,5.3658901666e-07,4.6136472960e-12
-141.40625,5.0723737035e-07,3.9541567213e-12
-141.3085938,4.5240006218e-07,3.1169293192e-12
-141.2109375,3.7427404295e-07,2.1455960513e-12
-141.1132812,2.7624290514e-07,1.0895465661e-12
-141.015625,1.6273379972e-07,1.1738486444e-15
-140.9179688,3.9020387401e-08,-1.0664388004e-12
-140.8203125,-8.9019710535e-08,-2.0623550440e-12
-140.7226562,-2.1518192807e-07,-2.9399291668e-12
-140.625,-3.3323297721e-07,-3.6592391053e-12
-140.5273438,-4.3721656794e-07,-4.1886113854e-12
-140.4296875,-5.2175131221e-07,-4.5062584047e-12
-140.3320312,-5.8230624929e-07,-4.6008687484e-12
-140.234375,-6.1543994052e-07,-4.4722221711e-12
-140.1367188,-6.1899077157e-07,-4.1307173463e-12
-140.0390625,-5.9220800355e-07,-3.5969394515e-12
-139.9414062,-5.3581615461e-07,-2.9002023626e-12
-139.84375,-4.5200817486e-07,-2.0772423025e-12
-139.7460938,-3.4436632570e-07,-1.1700341735e-12
-139.6484375,-2.1771326937e-07,-2.2394304777e-13
-139.5507812,-7.7899429926e-08,7.1479887183e-13
-139.453125,6.8464392469e-08,1.6010613281e-12
-139.3554688,2.1431690500e-07,2.3932427442e-12
-139.2578125,3.5248434796e-07,3.0549313530e-12
-139.1601562,4.7603066179e-07,3.5568347098e-12
-139.0625,5.7860283119e-07,3.8777783790e-12
-138.9648438,6.5475422290e-07,4.0058464211e-12
-138.8671875,7.0022982635e-07,3.9385013247e-12
-138.7695312,7.1219840295e-07,3.6828035871e-12
-138.671875,6.8941931834e-07,3.2546102334e-12
-138.5742188,6.3233445167e-07,2.6779204082e-12
-138.4765625,5.4307930385e-07,1.9832849950e-12
-138.3789062,4.2541105964e-07,1.2064883362e-12
-138.28125,2.8455565354e-07,3.8644500404e-13
-138.1835938,1.2697969321e-07,-4.3645489897e-13
-138.0859375,-3.9902936469e-08,-1.2225997246e-12
-137.9882812,-2.0807683041e-07,-1.9347687879e-12
-137.890625,-3.6930701545e-07,-2.5401605386e-12
-137.7929688,-5.1553911374e-07,-3.0116064077e-12
-137.6953125,-6.3929849399e-07,-3.3290535601e-12
-137.5976562,-7.3406871970e-07,-3.4801120680e-12
-137.5,-7.9463020428e-07,-3.4607877189e-12
-137.4023438,-8.1734193076e-07,-3.2752301383e-12
-137.3046875,-8.0035097198e-07,-2.9356604620e-12
-137.2070312,-7.4371841264e-07,-2.4613435232e-12
-137.109375,-6.4945354651e-07,-1.8778092714e-12
-137.0117188,-5.2145322941e-07,-1.2152173786e-12
-136.9140625,-3.6534716929e-07,-5.0710082810e-13
-136.8164062,-1.8825524302e-07,2.1160064926e-13
-136.71875,1.5332350158e-09,9.0596476858e-13
-136.6210938,1.9494381833e-07,1.5430562523e-12
-136.5234375,3.8254739276e-07,2.0931885940e-12
-136.4257812,5.5501634147e-07,2.5315803838e-12
-136.328125,7.0358472911e-07,2.8391673608e-12
-136.2304688,8.2048971739e-07,3.0037005075e-12
-136.1328125,8.9937247686e-07,3.0199166363e-12
-136.0351562,9.3561781758e-07,2.8899479731e-12
-135.9375,9.2661483782e-07,2.6227876170e-12
-135.8398438,8.7192421712e-07,2.2340153158e-12
-135.7421875,7.7334210443e-07,1.7446293306e-12
-135.6445312,6.3485542005e-07,1.1802220865e-12
-135.546875,4.6248878957e-07,5.6936661518e-13
-135.4492188,2.6404823294e-07,-5.7525335304e-14
-135.3515625,4.8772540896e-08,-6.6999733140e-13
-135.2539062,-1.7309265970e-07,-1.2387237643e-12
-135.15625,-3.9077844052e-07,-1.7371955700e-12
-135.0585938,-5.9351138712e-07,-2.1426497407e-12
-134.9609375,-7.7104261638e-07,-2.4373895104e-12
-134.8632812,-9.1416142752e-07,-2.6092450837e-12
-134.765625,-1.0151678379e-06,-2.6523499698e-12
-134.6679688,-1.0682803816e-06,-2.5670067799e-12
-134.5703125,-1.0699572343e-06,-2.3598510235e-12
-134.4726562,-1.0191140069e-06,-2.0431127709e-12
-134.375,-9.1722473190e-07,-1.6342174961e-12
-134.2773438,-7.6829942596e-07,-1.1545486006e-12
-134.1796875,-5.7873643282e-07,-6.2863942891e-13
-134.0820312,-3.5705480450e-07,-8.2631583249e-14
-133.984375,-1.1351706194e-07,4.5671632106e-13
-133.8867188,1.4034081175e-07,9.6362992019e-13
-133.7890625,3.9225122050e-07,1.4142419223e-12
-133.6914062,6.2980319396e-07,1.7880064967e-12
-133.59375,8.4104924413e-07,2.0683242797e-12
-133.4960938,1.0151011636e-06,2.2435682802e-12
-133.3984375,1.1426855402e-06,2.3072464311e-12
-133.3007812,1.2166305301e-06,2.2585185458e-12
-133.203125,1.2322592305e-06,2.1018250762e-12
-133.1054688,1.1876679218e-06,1.8468754193e-12
-133.0078125,1.0838735918e-06,1.5077747250e-12
-132.9101562,9.2482088811e-07,1.1025644046e-12
-132.8125,7.1724543352e-07,6.5197205327e-13
-132.7148438,4.7039733208e-07,1.7866660994e-13
-132.6171875,1.9563585468e-07,-2.9417739508e-13
-132.5195312,-9.4087459333e-08,-7.4369982479e-13
-132.421875,-3.8483383261e-07,-1.1487575537e-12
-132.3242188,-6.6234271321e-07,-1.4906029516e-12
-132.2265625,-9.1272586844e-07,-1.7540493175e-12
-132.1289062,-1.1231568713e-06,-1.9278259479e-12
-132.03125,-1.2825216954e-06,-2.0053549670e-12
-131.9335938,-1.3819980172e-06,-1.9846687697e-12
-131.8359375,-1.4155331366e-06,-1.8687260831e-12
-131.7382812,-1.3801952753e-06,-1.6648642968e-12
-131.640625,-1.2763783270e-06,-1.3846724945e-12
-131.5429688,-1.1078473415e-06,-1.0430398878e-12
-131.4453125,-8.8161925296e-07,-6.5768660818e-13
-131.3476562,-6.0768161733e-07,-2.4794303534e-13
-131.25,-2.9855985094e-07,1.6589995561e-13
-131.1523438,3.1248434703e-08,5.6390055618e-13
-131.0546875,3.6594715689e-07,9.2710659986e-13
-130.9570312,6.8919226855e-07,1.2387641154e-12
-130.859375,9.8488393919e-07,1.4847677990e-12
-130.7617188,1.2379619439e-06,1.6546051133e-12
-130.6640625,1.4351657404e-06,1.7414782399e-12
-130.5664062,1.5657208077e-06,1.7428765561e-12
-130.46875,1.6219162986e-06,1.6602986681e-12
-130.3710938,1.5995434122e-06,1.4994203978e-12
-130.2734375,1.4981704076e-06,1.2694234364e-12
-130.1757812,1.3212373063e-06,9.8280369670e-13
-130.078125,1.0759624775e-06,6.5438683877e-13
-129.9804688,7.7306155335e-07,3.0088815967e-13
-129.8828125,4.2628937976e-07,-6.0248890812e-14
-129.7851562,5.1823557095e-08,-4.1138729924e-13
-129.6875,-3.3248291642e-07,-7.3587082562e-13
-129.5898438,-7.0794591666e-07,-1.0184868780e-12
-129.4921875,-1.0559516413e-06,-1.2464935921e-12
-129.3945312,-1.3588723029e-06,-1.4098644922e-12
-129.296875,-1.6009510941e-06,-1.5020422636e-12
-129.1992188,-1.7691126168e-06,-1.5198652690e-12
-129.1015625,-1.8536572505e-06,-1.4639784712e-12
-129.0039062,-1.8488034690e-06,-1.3384053991e-12
-128.90625,-1.7530479769e-06,-1.1506141416e-12
-128.8085938,-1.5693230583e-06,-9.1076641370e-13
-128.7109375,-1.3049388674e-06,-6.3150180256e-13
-128.6132812,-9.7130969701e-07,-3.2695506307e-13
-128.515625,-5.8347328134e-07,-1.2372770357e-14
-128.4179688,-1.5942283456e-07,2.9696995118e-13
-128.3203125,2.8071921414e-07,5.8617869501e-13
-128.2226562,7.1564799950e-07,8.4177847668e-13
-128.125,1.1238997057e-06,1.0520074520e-12
-128.0273438,1.4849026172e-06,1.2076800991e-12
-127.9296875,1.7800049817e-06,1.3022509721e-12
-127.8320312,1.9934284848e-06,1.3324096352e-12
-127.734375,2.1130992428e-06,1.2978475840e-12
-127.6367188,2.1313129587e-06,1.2015466077e-12
-127.5390625,2.0451984935e-06,1.0492403469e-12
-127.4414062,1.8569530041e-06,8.4941728352e-13
-127.34375,1.5738328223e-06,6.1252619378e-13
-127.2460938,1.2078955278e-06,3.5076815534e-13
-127.1484375,7.7550135528e-07,7.7141371117e-14
-127.0507812,2.9659333671e-07,-1.9486626750e-13
-126.953125,-2.0621232239e-07,-4.5227109715e-13
-126.8554688,-7.0868506644e-07,-6.8287432644e-13
-126.7578125,-1.1861386085e-06,-8.7617029387e-13
-126.6601562,-1.6146346190e-06,-1.0234837880e-12
-126.5625,-1.9721730063e-06,-1.1186894216e-12
-126.4648438,-2.2398103138e-06,-1.1581204139e-12
-126.3671875,-2.4026495885e-06,-1.1410356171e-12
-126.2695312,-2.4506510787e-06,-1.0692606760e-12
-126.171875,-2.3792198264e-06,-9.4738946557e-13
-126.0742188,-2.1895375145e-06,-7.8217031287e-13
-125.9765625,-1.8886169502e-06,-5.8247933155e-13
-125.8789062,-1.4890712607e-06,-3.5851168034e-13
-125.78125,-1.0086033849e-06,-1.2160598974e-13
-125.6835938,-4.6923585008e-07,1.1666507062e-13
-125.5859375,1.0368686445e-07,3.4471474942e-13
-125.4882812,6.8267838782e-07,5.5184286093e-13
-125.390625,1.2394187673e-06,7.2839105430e-13
-125.2929688,1.7461292425e-06,8.6653126317e-13
-125.1953125,2.1769472274e-06,9.6026343800e-13
-125.0976562,2.5092338116e-06,1.0060137424e-12
-125,2.7247486377e-06,1.0024149893e-12
-124.9023438,2.8106314200e-06,9.5067560283e-13
-124.8046875,2.7601384795e-06,8.5412590759e-13
-124.7070312,2.5730930188e-06,7.1836367405e-13
-124.609375,2.2560218393e-06,5.5059399595e-13
-124.5117188,1.8219652845e-06,3.5959924107e-13
-124.4140625,1.2899637040e-06,1.5493779706e-13
-124.3164062,6.8423910877e-07,-5.3182291653e-14
-124.21875,3.3106412869e-08,-2.5475647106e-13
-124.1210938,-6.3233758377e-07,-4.4011170587e-13
-124.0234375,-1.2796872922e-06,-6.0071616729e-13
-123.9257812,-1.8767945484e-06,-7.2921738735e-13
-123.828125,-2.3933526178e-06,-8.2012512036e-13
-123.7304688,-2.8024206562e-06,-8.6968826223e-13
-123.6328125,-3.0818124618e-06,-8.7639475468e-13
-123.5351562,-3.2152789006e-06,-8.4064877907e-13
-123.4375,-3.1934216158e-06,-7.6506833550e-13
-123.3398438,-3.0142881474e-06,-6.5396304477e-13
-123.2421875,-2.6836128875e-06,-5.1344909669e-13
-123.1445312,-2.2146852174e-06,-3.5076534726e-13
-123.046875,-1.6278438799e-06,-1.7425918305e-13
-122.9492188,-9.4961544612e-07,7.3925743183e-15
-122.8515625,-2.1153187367e-07,1.8525084944e-13
-122.7539062,5.5132063590e-07,3.5090689411e-13
-122.65625,1.3019558125e-06,4.9651918465e-13
-122.5585938,2.0032668754e-06,6.1553850787e-13
-122.4609375,2.6198468178e-06,7.0263976230e-13
-122.3632812,3.1197605549e-06,7.5431455660e-13
-122.265625,3.4761811355e-06,7.6864567755e-13
-122.1679688,3.6688068597e-06,7.4572979849e-13
-122.0703125,3.6849856623e-06,6.8727366573e-13
-121.9726562,3.5204853894e-06,5.9684323416e-13
-121.875,3.1798658728e-06,4.7929479958e-13
-121.7773438,2.6764261222e-06,3.4087974488e-13
-121.6796875,2.0317214234e-06,1.8855421381e-13
-121.5820312,1.2746654168e-06,2.9994992000e-14
-121.484375,4.4025335333e-07,-1.2714783564e-13
-121.3867188,-4.3203828145e-07,-2.7525348769e-13
-121.2890625,-1.3001034064e-06,-4.0746213155e-13
-121.1914062,-2.1212232667e-06,-5.1762458479e-13
-121.09375,-2.8541525962e-06,-6.0095142661e-13
-120.9960938,-3.4611742562e-06,-6.5385070625e-13
-120.8984375,-3.9100204200e-06,-6.7444599135e-13
-120.8007812,-4.1755636838e-06,-6.6226612183e-13
-120.703125,-4.2411903047e-06,-6.1861031950e-13
-120.6054688,-4.0997821546e-06,-5.4608298376e-13
-120.5078125,-3.7542512440e-06,-4.4881382653e-13
-120.4101562,-3.2175922319e-06,-3.3185994321e-13
-120.3125,-2.5124404728e-06,-2.0131614216e-13
-120.2148438,-1.6701481807e-06,-6.3630512655e-14
-120.1171875,-7.2941423749e-07,7.4340338123e-14
-120.0195312,2.6547334741e-07,2.0604166890e-13
-119.921875,1.2667039572e-06,3.2515707699e-13
-119.8242188,2.2252239277e-06,4.2628189673e-13
-119.7265625,3.0931218368e-06,5.0479178048e-13
-119.6289062,3.8260039025e-06,5.5742565151e-13
-119.53125,4.3852430600e-06,5.8204151606e-13
-119.4335938,4.7399884704e-06,5.7807466323e-13
-119.3359375,4.8688323946e-06,5.4615857637e-13
-119.2382812,4.7610455540e-06,4.8844920003e-13
-119.140625,4.4173121954e-06,4.0811470914e-13
-119.0429688,3.8499187336e-06,3.0954240091e-13
-118.9453125,3.0823764116e-06,1.9772561031e-13
-118.8476562,2.1484850974e-06,7.8391525238e-14
-118.75,1.0908736403e-06,-4.2668435265e-14
-118.6523438,-4.0921971337e-08,-1.5949792006e-13
-118.5546875,-1.1927569640e-06,-2.6664676163e-13
-118.4570312,-2.3084475315e-06,-3.5904202584e-13
-118.359375,-3.3324905456e-06,-4.3260758558e-13
-118.2617188,-4.2128029836e-06,-4.8405868593e-13
-118.1640625,-4.9033466565e-06,-5.1142886178e-13
-118.0664062,-5.3665072995e-06,-5.1375577118e-13
-117.96875,-5.5751060608e-06,-4.9149349914e-13
-117.8710938,-5.5139378652e-06,-4.4607891543e-13
-117.7734375,-5.1807514409e-06,-3.8023004135e-13
-117.6757812,-4.5866123266e-06,-2.9740485650e-13
-117.578125,-3.7556187893e-06,-2.0200812987e-13
-117.4804688,-2.7239721609e-06,-9.8774136567e-14
-117.3828125,-1.5384344530e-06,7.0791047591e-15
-117.2851562,-2.5423738406e-07,1.1049883149e-13
-117.1875,1.0674654955e-06,2.0644827544e-13
-117.0898438,2.3624870661e-06,2.9053889446e-13
-116.9921875,3.5667002640e-06,3.5883907502e-13
-116.8945312,4.6191889459e-06,4.0844616430e-13
-116.796875,5.4653024886e-06,4.3721544901e-13
-116.6992188,6.0594620822e-06,4.4424183126e-13
-116.6015625,6.3675761673e-06,4.2948762085e-13
-116.5039062,6.3689386525e-06,3.9416199237e-13
-116.40625,6.0575066973e-06,3.4024574303e-13
-116.3085938,5.4424831005e-06,2.7077664441e-13
-116.2109375,4.5481613870e-06,1.8928856958e-13
-116.1132812,3.4130264651e-06,1.0002840108e-13
-116.015625,2.0881409092e-06,7.3422060495e-15
-115.9179688,6.3488190061e-07,-8.4138393147e-14
-115.8203125,-8.7787232694e-07,-1.7012189929e-13
-115.7226562,-2.3769795639e-06,-2.4645869036e-13
-115.625,-3.7885428457e-06,-3.0973694038e-13
-115.5273438,-5.0415254535e-06,-3.5703364114e-13
-115.4296875,-6.0712955891e-06,-3.8644640123e-13
-115.3320312,-6.8229257655e-06,-3.9676557994e-13
-115.234375,-7.2540795885e-06,-3.8792124813e-13
-115.1367188,-7.3373366240e-06,-3.6056389778e-13
-115.0390625,-7.0618297005e-06,-3.1642276789e-13
-114.9414062,-6.4341013325e-06,-2.5780007032e-13
-114.84375,-5.4781214288e-06,-1.8785390460e-13
-114.7460938,-4.2344496123e-06,-1.1002676914e-13
-114.6484375,-2.7585661804e-06,-2.8280266031e-14
-114.5507812,-1.1184378990e-06,5.3510029375e-14
-114.453125,6.0857715862e-07,1.3133266514e-13
-114.3554688,2.3393462370e-06,2.0164206925e-13
-114.2578125,3.9889326495e-06,2.6111265725e-13
-114.1601562,5.4747324445e-06,3.0720240854e-13
-114.0625,6.7205771551e-06,3.3785183181e-13
-113.9648438,7.6606002790e-06,3.5198327528e-13
-113.8671875,8.2426732038e-06,3.4912482111e-13
-113.7695312,8.4312330846e-06,3.2983244037e-13
-113.671875,8.2093524268e-06,2.9523351394e-13
-113.5742188,7.5799333550e-06,2.4737418840e-13
-113.4765625,6.5659514822e-06,1.8869224209e-13
-113.3789062,5.2097183317e-06,1.2230615671e-13
-113.28125,3.5711799028e-06,5.1439633840e-14
-113.1835938,1.7253158322e-06,-2.0320507771e-14
-113.0859375,-2.4125042029e-07,-8.9617687040e-14
-112.9882812,-2.2342793811e-06,-1.5306660686e-13
-112.890625,-4.1563958523e-06,-2.0783198503e-13
-112.7929688,-5.9118105281e-06,-2.5133744336e-13
-112.6953125,-7.4110556806e-06,-2.8180141704e-13
-112.5976562,-8.5755027077e-06,-2.9788987651e-13
-112.5,-9.3414352034e-06,-2.9919060528e-13
-112.4023438,-9.6634690978e-06,-2.8579686074e-13
-112.3046875,-9.5171388751e-06,-2.5871364725e-13
-112.2070312,-8.9005069777e-06,-2.1937253652e-13
-112.109375,-7.8346977377e-06,-1.6997659843e-13
-112.0117188,-6.3633092836e-06,-1.1295920392e-13
-111.9140625,-4.5507099597e-06,-5.1285935419e-14
-111.8164062,-2.4792814076e-06,1.2119953550e-14
-111.71875,-2.4572314304e-07,7.4092755669e-14
-111.6210938,2.0434180715e-06,1.3180429763e-13
-111.5234375,4.2767897182e-06,1.8246788336e-13
-111.4257812,6.3436091958e-06,2.2389621084e-13
-111.328125,8.1391162912e-06,2.5416855159e-13
-111.2304688,9.5698359553e-06,2.7214444418e-13
-111.1328125,1.0558389447e-05,2.7707630768e-13
-111.0351562,1.1047608396e-05,2.6906608530e-13
-110.9375,1.1003736461e-05,2.4861599931e-13
-110.8398438,1.0418543308e-05,2.1702674108e-13
-110.7421875,9.3102261618e-06,1.7589071883e-13
-110.6445312,7.7230306970e-06,1.2744160097e-13
-110.546875,5.7255853518e-06,7.4004696923e-14
-110.4492188,3.4080054780e-06,1.8316588189e-14
-110.3515625,8.7788584422e-07,-3.7045490312e-14
-110.2539062,-1.7446435463e-06,-8.9350131632e-14
-110.15625,-4.3325734395e-06,-1.3627875721e-13
-110.0585938,-6.7581196530e-06,-1.7559387828e-13
-109.9609375,-8.8989840947e-06,-2.0567966162e-13
-109.8632812,-1.0644468546e-05,-2.2517163482e-13
-109.765625,-1.1901137688e-05,-2.3345398176e-13
-109.6679688,-1.2597744780e-05,-2.3023803819e-13
-109.5703125,-1.2689163259e-05,-2.1600829150e-13
-109.4726562,-1.2159112295e-05,-1.9154667018e-13
-109.375,-1.1021518425e-05,-1.5832929792e-13
-109.2773438,-9.3204201863e-06,-1.1800354936e-13
-109.1796875,-7.1283916972e-06,-7.2747024109e-14
-109.0820312,-4.5435341336e-06,-2.4712631854e-14
-108.984375,-1.6851544688e-06,2.3631825526e-14
-108.8867188,1.3116812640e-06,7.0069989927e-14
-108.7890625,4.3024752267e-06,1.1229508504e-13
-108.6914062,7.1402112102e-06,1.4846596291e-13
-108.59375,9.6825268221e-06,1.7684224521e-13
-108.4960938,1.1798796474e-05,1.9631129314e-13
-108.3984375,1.3376776041e-05,2.0598434962e-13
-108.3007812,1.4328473925e-05,2.0568202668e-13
-108.203125,1.4594945411e-05,1.9548308509e-13
-108.1054688,1.4149753580e-05,1.7616438256e-13
-108.0078125,1.3000900985e-05,1.4870272133e-13
-107.9101562,1.1191107361e-05,1.1467417281e-13
-107.8125,8.7963877177e-06,7.5717925925e-14
-107.7148438,5.9229672174e-06,3.3907586577e-14
-107.6171875,2.7026524295e-06,-8.8073987560e-15
-107.5195312,-7.1314424024e-07,-5.0240827418e-14
-107.421875,-4.1604592483e-06,-8.8531735569e-14
-107.3242188,-7.4705866990e-06,-1.2177448054e-13
-107.2265625,-1.0478271955e-05,-1.4856540193e-13
-107.1289062,-1.3029895637e-05,-1.6760662885e-13
-107.03125,-1.4991245412e-05,-1.7822240943e-13
-106.9335938,-1.6254486224e-05,-1.7992452981e-13
-106.8359375,-1.6743970690e-05,-1.7288970243e-13
-106.7382812,-1.6420581924e-05,-1.5748188245e-13
-106.640625,-1.5284366585e-05,-1.3469006176e-13
-106.5429688,-1.3375295839e-05,-1.0561077934e-13
-106.4453125,-1.0772079944e-05,-7.1853490403e-14
-106.3476562,-7.5890571451e-06,-3.4993911049e-14
-106.25,-3.9712717759e-06,3.0396965481e-15
-106.1523438,-8.7948377916e-08,4.0526969486e-14
-106.0546875,3.8753492188e-06,7.5571499821e-14
-105.9570312,7.7255139479e-06,1.0665793181e-13
-105.859375,1.1271233649e-05,1.3225359951e-13
-105.7617188,1.4332422702e-05,1.5134668398e-13
-105.6640625,1.6749286168e-05,1.6301978785e-13
-105.5664062,1.8390563584e-05,1.6695799898e-13
-105.46875,1.9160532001e-05,1.6298624627e-13
-105.3710938,1.9004399604e-05,1.5154249590e-13
-105.2734375,1.7911794235e-05,1.3317753256e-13
-105.1757812,1.5918137879e-05,1.0899545737e-13
-105.078125,1.3103798883e-05,8.0121370749e-14
-104.9804688,9.5910199496e-06,4.8117593482e-14
-104.8828125,5.5387298464e-06,1.4430216968e-14
-104.7851562,1.1354519852e-06,-1.9205981342e-14
-104.6875,-3.4093783037e-06,-5.1327819174e-14
-104.5898438,-7.8752930753e-06,-8.0335272050e-14
-104.4921875,-1.2041405046e-05,-1.0504386959e-13
-104.3945312,-1.5697248631e-05,-1.2425872981e-13
-104.296875,-1.8653320046e-05,-1.3730670781e-13
-104.1992188,-2.0750793524e-05,-1.4358255846e-13
-104.1015625,-2.1869919956e-05,-1.4305291626e-13
-104.0039062,-2.1936670160e-05,-1.3576962045e-13
-103.90625,-2.0927261817e-05,-1.2234353101e-13
-103.8085938,-1.8870306875e-05,-1.0342597100e-13
-103.7109375,-1.5846427131e-05,-8.0156392286e-14
-103.6132812,-1.1985307946e-05,-5.3618642540e-14
-103.515625,-7.4602842769e-06,-2.5271432123e-14
-103.4179688,-2.4806774573e-06,3.6098054941e-15
-103.3203125,2.7177851721e-06,3.1507613547e-14
-103.2226562,7.8840342075e-06,5.7222391203e-14
-103.125,1.2763691426e-05,7.9439472177e-14
-103.0273438,1.7111499785e-05,9.7278531272e-14
-102.9296875,2.0703547667e-05,1.0984190287e-13
-102.8320312,2.3348682479e-05,1.1674390732e-13
-102.734375,2.4898537734e-05,1.1763287182e-13
-102.6367188,2.5255653530e-05,1.1269515889e-13
-102.5390625,2.4379254963e-05,1.0214810627e-13
-102.4414062,2.2288358703e-05,8.6718686688e-14
-102.34375,1.9062003483e-05,6.7109852190e-14
-102.2460938,1.4836536953e-05,4.4458630355e-14
-102.1484375,9.8000351880e-06,1.9782945287e-14
-102.0507812,4.1840727194e-06,-5.5719656803e-15
-101.953125,-1.7468039010e-06,-3.0496233956e-14
-101.8554688,-7.7074270840e-06,-5.3669706386e-14
-101.7578125,-1.3405612433e-05,-7.4122888650e-14
-101.6601562,-1.8556372809e-05,-9.0781205585e-14
-101.5625,-2.2896055776e-05,-1.0301411037e-13
-101.4648438,-2.6195708818e-05,-1.1016027059e-13
-101.3671875,-2.8273000743e-05,-1.1205750180e-13
-101.2695312,-2.9002085796e-05,-1.0854340779e-13
-101.171875,-2.8320885478e-05,-9.9962802824e-14
-101.0742188,-2.6235380635e-05,-8.6642802113e-14
-100.9765625,-2.2820643977e-05,-6.9379016666e-14
-100.8789062,-1.8218499321e-05,-4.8888547211e-14
-100.78125,-1.2631856222e-05,-2.6280440252e-14
-100.6835938,-6.3159338665e-06,-2.4937335191e-15
-100.5859375,4.3325570711e-07,2.1239422128e-14
-100.4882812,7.2926523697e-06,4.3961384238e-14
-100.390625,1.3927489297e-05,6.4523615258e-14
-100.2929688,2.0007508059e-05,8.2150537734e-14
-100.1953125,2.5223268225e-05,9.5962683734e-14
-100.0976562,2.9301751788e-05,1.0552822990e-13
-100,3.2020482676e-05,1.1036728515e-13
-99.90234375,3.3219438242e-05,1.1048522168e-13
-99.8046875,3.2810125416e-05,1.0585395965e-13
-99.70703125,3.0781319899e-05,9.6925083109e-14
-99.609375,2.7201122232e-05,8.4088289281e-14
-99.51171875,2.2215157632e-05,6.8166473175e-14
-99.4140625,1.6040933420e-05,4.9855478458e-14
-99.31640625,8.9585559848e-06,3.0207053600e-14
-99.21875,1.2981928251e-06,1.0057185899e-14
-99.12109375,-6.5751685103e-06,-9.4946860053e-15
-99.0234375,-1.4278968121e-05,-2.7659782874e-14
-98.92578125,-2.1431520885e-05,-4.3475386466e-14
-98.828125,-2.7670779756e-05,-5.6372487449e-14
-98.73046875,-3.2672500576e-05,-6.5677590912e-14
-98.6328125,-3.6166904123e-05,-7.1166819110e-14
-98.53515625,-3.7952988217e-05,-7.2548379016e-14
-98.4375,-3.7909740686e-05,-6.9999007911e-14
-98.33984375,-3.6003642331e-05,-6.3624935662e-14
-98.2421875,-3.2292018645e-05,-5.3980459115e-14
-98.14453125,-2.6921994914e-05,-4.1509035917e-14
-98.046875,-2.0125019758e-05,-2.7047561160e-14
-97.94921875,-1.2207140296e-05,-1.1252786349e-14
-97.8515625,-3.5354229622e-06,4.9021708089e-15
-97.75390625,5.4788872695e-06,2.0708534945e-14
-97.65625,1.4399706284e-05,3.5224922385e-14
-97.55859375,2.2787046859e-05,4.7856735998e-14
-97.4609375,3.0218554403e-05,5.7850601579e-14
-97.36328125,3.6310595724e-05,6.4864759999e-14
-97.265625,4.0737856512e-05,6.8448104116e-14
-97.16796875,4.3250455536e-05,6.8596347874e-14
-97.0703125,4.3687687001e-05,6.5211918809e-14
-96.97265625,4.1987649941e-05,5.8643864973e-14
-96.875,3.8192212511e-05,4.9128448834e-14
-96.77734375,3.2446975845e-05,3.7314356844e-14
-96.6796875,2.4996142816e-05,2.3687262148e-14
-96.58203125,1.6172444079e-05,9.0850912232e-15
-96.484375,6.3825204590e-06,-5.8875598884e-15
-96.38671875,-3.9116094379e-06,-2.0347221401e-14
-96.2890625,-1.4214161871e-05,-3.3719857846e-14
-96.19140625,-2.4019280162e-05,-4.5224113897e-14
-96.09375,-3.2835683056e-05,-5.4455014123e-14
-95.99609375,-4.0211077894e-05,-6.0855966245e-14
-95.8984375,-4.5755134670e-05,-6.4291981629e-14
-95.80078125,-4.9159865254e-05,-6.4505725006e-14
-95.703125,-5.0216355493e-05,-6.1677012293e-14
-95.60546875,-4.8826957980e-05,-5.5861189312e-14
-95.5078125,-4.5012257261e-05,-4.7534731351e-14
-95.41015625,-3.8912363793e-05,-3.7017397393e-14
-95.3125,-3.0782361868e-05,-2.5006852843e-14
-95.21484375,-2.0982021352e-05,-1.1988796500e-14
-95.1171875,-9.9601661988e-06,1.2339772467e-15
-95.01953125,1.7656360226e-06,1.4137426970e-14
-94.921875,1.3633157688e-05,2.5946291937e-14
-94.82421875,2.5062257415e-05,3.6229226128e-14
-94.7265625,3.5483027630e-05,4.4361383743e-14
-94.62890625,4.4363987189e-05,5.0112854382e-14
-94.53125,5.1238935575e-05,5.3098616928e-14
-94.43359375,5.5731122721e-05,5.3356119394e-14
-94.3359375,5.7573495655e-05,5.0779693794e-14
-94.23828125,5.6623950716e-05,4.5685727367e-14
-94.140625,5.2874745511e-05,3.8231402833e-14
-94.04296875,4.6455494655e-05,2.8968793420e-14
-93.9453125,3.7629477879e-05,1.8250548253e-14
-93.84765625,2.6783311483e-05,6.7767047216e-15
-93.75,1.4410361881e-05,-5.0079623676e-15
-93.65234375,1.0885935013e-06,-1.6368973920e-14
-93.5546875,-1.2546168953e-05,-2.6887295326e-14
-93.45703125,-2.5830340754e-05,-3.5910279746e-14
-93.359375,-3.8104626957e-05,-4.3153562494e-14
-93.26171875,-4.8746486403e-05,-4.8142568300e-14
-93.1640625,-5.7201423543e-05,-5.0806575878e-14
-93.06640625,-6.3011548946e-05,-5.0907175638e-14
-92.96875,-6.5839952123e-05,-4.8622047907e-14
-92.87109375,-6.5489608336e-05,-4.3959042933e-14
-92.7734375,-6.1915783436e-05,-3.7329605479e-14
-92.67578125,-5.5231200809e-05,-2.8949670034e-14
-92.578125,-4.5703574621e-05,-1.9404986375e-14
-92.48046875,-3.3745481748e-05,-9.0420750786e-15
-92.3828125,-1.9896919886e-05,1.4704053679e-15
-92.28515625,-4.8012662774e-06,1.1755824152e-14
-92.1875,1.0824310981e-05,2.1167015097e-14
-92.08984375,2.6222643023e-05,2.9400376369e-14
-91.9921875,4.0632973821e-05,3.5926956589e-14
-91.89453125,5.3328258821e-05,4.0601729205e-14
-91.796875,6.3651533792e-05,4.3084153304e-14
-91.69921875,7.1049548572e-05,4.3439355691e-14
-91.6015625,7.5101960690e-05,4.1545937223e-14
-91.50390625,7.5544568179e-05,3.7687840331e-14
-91.40625,7.2285325147e-05,3.1949324667e-14
-91.30859375,6.5412212897e-05,2.4798606934e-14
-91.2109375,5.5192422687e-05,1.6472184541e-14
-91.11328125,4.2062720955e-05,7.5533631372e-15
-91.015625,2.6611299647e-05,-1.6503288541e-15
-90.91796875,9.5518368387e-06,-1.0529320929e-14
-90.8203125,-8.3091096437e-06,-1.8796919673e-14
-90.72265625,-2.6109904703e-05,-2.5907536096e-14
-90.625,-4.2975079476e-05,-3.1679390505e-14
-90.52734375,-5.8058058160e-05,-3.5704780867e-14
-90.4296875,-7.0583298882e-05,-3.7967081439e-14
-90.33203125,-7.9885768481e-05,-3.8240335830e-14
-90.234375,-8.5445760130e-05,-3.6698830558e-14
-90.13671875,-8.6917253502e-05,-3.3305101586e-14
-90.0390625,-8.4148297661e-05,-2.8412127493e-14
-89.94140625,-7.7192260051e-05,-2.2140744431e-14
-89.84375,-6.6309209602e-05,-1.4976284699e-14
-89.74609375,-5.1957173580e-05,-7.1380302269e-15
-89.6484375,-3.4773498910e-05,8.2642274598e-16
-89.55078125,-1.5547040922e-05,8.6760729846e-15
-89.453125,4.8176337098e-06,1.5880512121e-14
-89.35546875,2.5342426283e-05,2.2255161925e-14
-89.2578125,4.5022319971e-05,2.7359746479e-14
-89.16015625,6.2874223703e-05,3.1130294958e-14
-89.0625,7.7985689738e-05,3.3268972757e-14
-88.96484375,8.9561108478e-05,3.3870402947e-14
-88.8671875,9.6963062258e-05,3.2801133389e-14
-88.76953125,9.9746712152e-05,3.0319485548e-14
-88.671875,9.7685394057e-05,2.6444706002e-14
-88.57421875,9.0785995924e-05,2.1571252354e-14
-88.4765625,7.9293163493e-05,1.5829349263e-14
-88.37890625,6.3681910887e-05,9.6960962449e-15
-88.28125,4.4638774780e-05,3.3504043457e-15
-88.18359375,2.3032214629e-05,-2.7156636393e-15
-88.0859375,-1.2649601303e-07,-8.3440211368e-15
-87.98828125,-2.3730152425e-05,-1.3095340937e-14
-87.890625,-4.6628125074e-05,-1.6894712974e-14
-87.79296875,-6.7682021795e-05,-1.9409391908e-14
-87.6953125,-8.5821834157e-05,-2.0690311724e-14
-87.59765625,-1.0009982154e-04,-2.0540826783e-14
-87.5,-1.0973944241e-04,-1.9152992457e-14
-87.40234375,-1.1417683379e-04,-1.6466824269e-14
-87.3046875,-1.1309265541e-04,-1.2801720984e-14
-87.20703125,-1.0643254624e-04,-8.2074486593e-15
-87.109375,-9.4414964776e-05,-3.0925192772e-15
-87.01171875,-7.7525781358e-05,2.4309222405e-15
-86.9140625,-5.6499627750e-05,7.9190988149e-15
-86.81640625,-3.2288661908e-05,1.3254818386e-14
-86.71875,-6.0200358265e-06,1.8016846818e-14
-86.62109375,2.1056063379e-05,2.2138304713e-14
-86.5234375,4.7625430511e-05,2.5270713322e-14
-86.42578125,7.2373153728e-05,2.7440147255e-14
-86.328125,9.4048193346e-05,2.8403907049e-14
-86.23046875,1.1152607856e-04,2.8303198322e-14
-86.1328125,1.2386660519e-04,2.7011610110e-14
-86.03515625,1.3036360232e-04,2.4783871292e-14
-85.9375,1.3058416965e-04,2.1596550368e-14
-85.83984375,1.2439525411e-04,1.7793924041e-14
-85.7421875,1.1197601583e-04,1.3422340435e-14
-85.64453125,9.3815100909e-05,8.8751064538e-15
-85.546875,7.0692663452e-05,4.2226246218e-15
-85.44921875,4.3647723503e-05,-1.4119189904e-16
-85.3515625,1.3932179820e-05,-4.1703417555e-15
-85.25390625,-1.7046524708e-05,-7.5162979795e-15
-85.15625,-4.7791490670e-05,-1.0198640935e-14
-85.05859375,-7.6788129881e-05,-1.1948529417e-14
-84.9609375,-1.0257820069e-04,-1.2876865454e-14
-84.86328125,-1.2383252160e-04,-1.2810331519e-14
-84.765625,-1.3941876700e-04,-1.1956494627e-14
-84.66796875,-1.4846092099e-04,-1.0232381510e-14
-84.5703125,-1.5038730552e-04,-7.9270348315e-15
-84.47265625,-1.4496460065e-04,-5.0238395721e-15
-84.375,-1.3231591028e-04,-1.8622181500e-15
-84.27734375,-1.1292167305e-04,1.5443133640e-15
-84.1796875,-8.7603036175e-05,4.8451173176e-15
-84.08203125,-5.7488165783e-05,8.0364002382e-15
-83.984375,-2.3962814201e-05,1.0794591306e-14
-83.88671875,1.1392733616e-05,1.3160242962e-14
-83.7890625,4.6877502330e-05,1.4866061118e-14
-83.69140625,8.0751037119e-05,1.6019374940e-14
-83.59375,1.1131813578e-04,1.6423757531e-14
-83.49609375,1.3701300503e-04,1.6259620850e-14
-83.3984375,1.5647869437e-04,1.5399453065e-14
-83.30078125,1.6863781216e-04,1.4086965143e-14
-83.203125,1.7275088102e-04,1.2246764028e-14
-83.10546875,1.6845922661e-04,1.0163380237e-14
-83.0078125,1.5580999509e-04,7.7869365153e-15
-82.91015625,1.3526172523e-04,5.4136681454e-15
-82.8125,1.0766982672e-04,2.9894646850e-15
-82.71484375,7.4252289040e-05,7.9368384280e-16
-82.6171875,3.6536922301e-05,-1.2578890142e-15
-82.51953125,-3.7076387529e-06,-2.9244076639e-15
-82.421875,-4.4554095938e-05,-4.3365057885e-15
-82.32421875,-8.4008038437e-05,-5.3021724601e-15
-82.2265625,-1.2010457292e-04,-6.0024537410e-15
-82.12890625,-1.5100539050e-04,-6.2918405927e-15
-82.03125,-1.7509151427e-04,-6.3935748207e-15
-81.93359375,-1.9104709074e-04,-6.1952718109e-15
-81.8359375,-1.9792993502e-04,-5.9448743677e-15
-81.73828125,-1.9522510580e-04,-5.5428609311e-15
-81.640625,-1.8287854436e-04,-5.2402702260e-15
-81.54296875,-1.6130873311e-04,-4.9288692005e-15
-81.4453125,-1.3139536752e-04,-4.8425320046e-15
-81.34765625,-9.4445146415e-05,-4.8464685276e-15
-81.25,-5.2135911715e-05,-5.1429961067e-15
-81.15234375,-6.4414593972e-06,-5.5605093766e-15
-81.0546875,4.0459661061e-05,-6.2640023087e-15
-80.95703125,8.6287187203e-05,-7.0441638254e-15
-80.859375,1.2876918925e-04,-8.0327470453e-15
-80.76171875,1.6575384635e-04,-8.9913049456e-15
-80.6640625,1.9531749276e-04,-1.0030862567e-14
-80.56640625,2.1586355027e-04,-1.0899488269e-14
-80.46875,2.2620730961e-04,-1.1705225007e-14
-80.37109375,2.2564212174e-04,-1.2201397806e-14
-80.2734375,2.1398338991e-04,-1.2511662931e-14
-80.17578125,1.9158777451e-04,-1.2411910154e-14
-80.078125,1.5934619098e-04,-1.2056448103e-14
-79.98046875,1.1865043973e-04,-1.1255570803e-14
-79.8828125,7.1334597818e-05,-1.0202189346e-14
-79.78515625,1.9593560678e-05,-8.7446897068e-15
-79.6875,-3.4117710933e-05,-7.1138321191e-15
-79.58984375,-8.7199670864e-05,-5.1909648042e-15
-79.4921875,-1.3703301447e-04,-3.2355629117e-15
-79.39453125,-1.8110691158e-04,-1.1492682249e-15
-79.296875,-2.1714441948e-04,7.9524406292e-16
-79.19921875,-2.4321886681e-04,2.6934737825e-15
-79.1015625,-2.5785531774e-04,4.2779140883e-15
-79.00390625,-2.6011184192e-04,5.6596207097e-15
-78.90625,-2.4963619987e-04,6.5936205232e-15
-78.80859375,-2.2669467482e-04,7.2218861779e-15
-78.7109375,-1.9217108314e-04,7.3345472755e-15
-78.61328125,-1.4753542394e-04,7.1135225616e-15
-78.515625,-9.4783109544e-05,6.3890541050e-15
-78.41796875,-3.6347185717e-05,5.3837792915e-15
-78.3203125,2.5012672527e-05,3.9646457580e-15
-78.22265625,8.6339385056e-05,2.3877042377e-15
-78.125,1.4461991149e-04,5.4572648595e-16
-78.02734375,1.9693219777e-04,-1.2854510806e-15
-77.9296875,2.4059050557e-04,-3.2027408214e-15
-77.83203125,2.7328194696e-04,-4.9272493158e-15
-77.734375,2.9318734359e-04,-6.5626924966e-15
-77.63671875,2.9908016838e-04,-7.8436782071e-15
-77.5390625,2.9039828864e-04,-8.8960424274e-15
-77.44140625,2.6728446416e-04,-9.4813168964e-15
-77.34375,2.3059301404e-04,-9.7583887809e-15
-77.24609375,1.8186167546e-04,-9.5237318898e-15
-77.1484375,1.2324936783e-04,-8.9740437138e-15
-77.05078125,5.7442259437e-05,-7.9420225800e-15
-76.953125,-1.2467866379e-05,-6.6600601234e-15
-76.85546875,-8.3127516523e-05,-4.9916958628e-15
-76.7578125,-1.5108103908e-04,-3.1967003272e-15
-76.66015625,-2.1293830054e-04,-1.1587474525e-15
-76.5625,-2.6554242370e-04,8.4755377007e-16
-76.46484375,-3.0612935958e-04,2.9321351088e-15
-76.3671875,-3.3247130241e-04,4.8197112521e-15
-76.26953125,-3.4299659031e-04,6.6278427968e-15
-76.171875,-3.3687973907e-04,8.0937939162e-15
-76.07421875,-3.1409659524e-04,9.3546357111e-15
-75.9765625,-2.7544120648e-04,1.0170315864e-14
-75.87890625,-2.2250282091e-04,1.0705439820e-14
-75.78125,-1.5760335556e-04,1.0748414154e-14
-75.68359375,-8.3697627951e-05,1.0494817873e-14
-75.5859375,-4.2405231393e-06,9.7625064549e-15
-75.48828125,7.6973017972e-05,8.7767506202e-15
-75.390625,1.5598784916e-04,7.3813173455e-15
-75.29296875,2.2887984534e-04,5.8254508225e-15
-75.1953125,2.9194931863e-04,3.9713235821e-15
-75.09765625,3.4190715140e-04,2.0832152977e-15
-75,3.7604435327e-04,3.1660187230e-17
-74.90234375,3.9237638731e-04,-1.9147447920e-15
-74.8046875,3.8975469051e-04,-3.8880556417e-15
-74.70703125,3.6793928294e-04,-5.6260311501e-15
-74.609375,3.2762815892e-04,-7.2733990328e-15
-74.51171875,2.7044119230e-04,-8.5834409792e-15
-74.4140625,1.9885847847e-04,-9.7214103954e-15
-74.31640625,1.1611526483e-04,-1.0462285541e-14
-74.21875,2.6057789873e-05,-1.0996223158e-14
-74.12109375,-6.7033655138e-05,-1.1122315354e-14
-74.0234375,-1.5864640188e-04,-1.1055941494e-14
-73.92578125,-2.4425241376e-04,-1.0618574176e-14
-73.828125,-3.1953028878e-04,-1.0047144282e-14
-73.73046875,-3.8058147021e-04,-9.1800393812e-15
-73.6328125,-4.2412994670e-04,-8.2688467801e-15
-73.53515625,-4.4769531830e-04,-7.1608686113e-15
-73.4375,-4.4973020433e-04,-6.1135113399e-15
-73.33984375,-4.2971453666e-04,-4.9737496998e-15
-73.2421875,-3.8820124516e-04,-3.9957436735e-15
-73.14453125,-3.2681012079e-04,-3.0175658875e-15
-73.046875,-2.4816912408e-04,-2.2824786902e-15
-72.94921875,-1.5580498098e-04,-1.6133146512e-15
-72.8515625,-5.3987442756e-05,-1.2375664913e-15
-72.75390625,5.2466039292e-05,-9.5950471761e-16
-72.65625,1.5841638820e-04,-9.8922459994e-16
-72.55859375,2.5864919577e-04,-1.1124877644e-15
-72.4609375,3.4812950676e-04,-1.5235657994e-15
-72.36328125,4.2225271610e-04,-1.9926036516e-15
-72.265625,4.7707915976e-04,-2.7020420927e-15
-72.16796875,5.0954054758e-04,-3.4112364907e-15
-72.0703125,5.1760755317e-04,-4.2962867865e-15
-71.97265625,5.0040958696e-04,-5.1114684622e-15
-71.875,4.5829996433e-04,-6.0321725098e-15
-71.77734375,3.9286223530e-04,-6.8129807099e-15
-71.6796875,3.0685625091e-04,-7.6334416849e-15
-71.58203125,2.0410546599e-04,-8.2526339573e-15
-71.484375,8.9329883773e-05,-8.8577427738e-15
-71.38671875,-3.2068212943e-05,-9.2150674572e-15
-71.2890625,-1.5425615472e-04,-9.5214618313e-15
-71.19140625,-2.7124879248e-04,-9.5519066150e-15
-71.09375,-3.7719931059e-04,-9.5139418287e-15
-70.99609375,-4.6668895149e-04,-9.1917880965e-15
-70.8984375,-5.3500142966e-04,-8.8039654477e-15
-70.80078125,-5.7836827703e-04,-8.1439608531e-15
-70.703125,-5.9417250338e-04,-7.4409240031e-15
-70.60546875,-5.8109974087e-04,-6.4969678460e-15
-70.5078125,-5.3922839406e-04,-5.5509844551e-15
-70.41015625,-4.7005313932e-04,-4.4123507184e-15
-70.3125,-3.7643927789e-04,-3.3279067677e-15
-70.21484375,-2.6250880227e-04,-2.1120699610e-15
-70.1171875,-1.3346241880e-04,-1.0168394692e-15
-70.01953125,4.6549825914e-06,1.4162928015e-16
-69.921875,1.4523497819e-04,1.1098922675e-15
-69.82421875,2.8141945902e-04,2.0741477711e-15
-69.7265625,4.0643286484e-04,2.7838203958e-15
-69.62890625,5.1391679411e-04,3.4319538257e-15
-69.53125,5.9825055937e-04,3.7753526707e-15
-69.43359375,6.5484164126e-04,4.0182604119e-15
-69.3359375,6.8037118237e-04,3.9289151930e-15
-69.23828125,6.7298160246e-04,3.7262937668e-15
-69.140625,6.3239603000e-04,3.1928994999e-15
-69.04296875,5.5996240631e-04,2.5644874935e-15
-68.9453125,4.5861868527e-04,1.6387386810e-15
-68.84765625,3.3277935040e-04,6.6784677965e-16
-68.75,1.8814732551e-04,-5.3691339371e-16
-68.65234375,3.1459073781e-05,-1.7098018615e-15
-68.5546875,-1.2982591094e-04,-3.0301521473e-15
-68.45703125,-2.8787709385e-04,-4.2240761542e-15
-68.359375,-4.3486994620e-04,-5.4680564744e-15
-68.26171875,-5.6337008401e-04,-6.4874878253e-15
-68.1640625,-6.6670582724e-04,-7.4641002375e-15
-68.06640625,-7.3931069778e-04,-8.1309494368e-15
-67.96875,-7.7701846313e-04,-8.6832697586e-15
-67.87109375,-7.7729529570e-04,-8.8695665188e-15
-67.7734375,-7.3939637600e-04,-8.9054864222e-15
-67.67578125,-6.6443771227e-04,-8.5605722269e-15
-67.578125,-5.5537792264e-04,-8.0747959609e-15
-67.48046875,-4.1690905258e-04,-7.2407008771e-15
-67.3828125,-2.5525996643e-04,-6.3224882540e-15
-67.28515625,-7.7920246040e-05,-5.1333549060e-15
-67.1875,1.0670337931e-04,-3.9571032187e-15
-67.08984375,2.8968246444e-04,-2.6207994549e-15
-66.9921875,4.6199565869e-04,-1.4191861784e-15
-66.89453125,6.1497039926e-04,-1.8299969867e-16
-66.796875,7.4071596423e-04,7.9326043073e-16
-66.69921875,8.3252638455e-04,1.6868342599e-15
-66.6015625,8.8523280957e-04,2.2150949087e-15
-66.50390625,8.9548704310e-04,2.5743760850e-15
-66.40625,8.6196103165e-04,2.5037966134e-15
-66.30859375,7.8545094777e-04,2.2268627398e-15
-66.2109375,6.6887899369e-04,1.5103262273e-15
-66.11328125,5.1719093801e-04,6.0828387268e-16
-66.015625,3.3715246128e-04,-6.8412364351e-16
-65.91796875,1.3705238016e-04,-2.0842511691e-15
-65.8203125,-7.3674492301e-05,-3.7734804152e-15
-65.72265625,-2.8488794394e-04,-5.4480189834e-15
-65.625,-4.8622610079e-04,-7.2753176586e-15
-65.52734375,-6.6760949543e-04,-8.9418331818e-15
-65.4296875,-8.1974121283e-04,-1.0613749244e-14
-65.33203125,-9.3457856135e-04,-1.1980983839e-14
-65.234375,-1.0057525956e-03,-1.3221728413e-14
-65.13671875,-1.0289138692e-03,-1.4042067952e-14
-65.0390625,-1.0019859449e-03,-1.4643741215e-14
-64.94140625,-9.2531231508e-04,-1.4758850008e-14
-64.84375,-8.0168731910e-04,-1.4620379707e-14
-64.74609375,-6.3626715021e-04,-1.3991604115e-14
-64.6484375,-4.3636288383e-04,-1.3139207404e-14
-64.55078125,-2.1112333207e-04,-1.1857271370e-14
-64.453125,2.8878850877e-05,-1.0442990564e-14
-64.35546875,2.7213931308e-04,-8.7152538480e-15
-64.2578125,5.0676964645e-04,-6.9931162289e-15
-64.16015625,7.2107456905e-04,-5.1092988922e-15
-64.0625,9.0413072999e-04,-3.3920276323e-15
-63.96484375,1.0463386139e-03,-1.6740078744e-15
-63.8671875,1.1399198360e-03,-2.7821116096e-16
-63.76953125,1.1793343221e-03,9.7700300250e-16
-63.671875,1.1615953764e-03,1.7873861010e-15
-63.57421875,1.0864652882e-03,2.3610042700e-15
-63.4765625,9.5651969717e-04,2.4224209301e-15
-63.37890625,7.7707516832e-04,2.2137483430e-15
-63.28125,5.5598101793e-04,1.4932496239e-15
-63.18359375,3.0328306711e-04,5.3900459124e-16
-63.0859375,3.0773371124e-05,-8.5824075866e-16
-62.98828125,-2.4855423504e-04,-2.3885824471e-15
-62.890625,-5.2111799314e-04,-4.2358115212e-15
-62.79296875,-7.7340285876e-04,-6.0678965177e-15
-62.6953125,-9.9262475320e-04,-8.0550581034e-15
-62.59765625,-1.1673721674e-03,-9.8566989815e-15
-62.5,-1.2881932818e-03,-1.1644179203e-14
-62.40234375,-1.3480987440e-03,-1.3083452850e-14
-62.3046875,-1.3429537127e-03,-1.4361792868e-14
-62.20703125,-1.2717376196e-03,-1.5165446352e-14
-62.109375,-1.1366561162e-03,-1.5709794929e-14
-62.01171875,-9.4309660486e-04,-1.5711392267e-14
-61.9140625,-6.9942628863e-04,-1.5421142416e-14
-61.81640625,-4.1663944597e-04,-1.4590363687e-14
-61.71875,-1.0786826096e-04,-1.3506838759e-14
-61.62109375,2.1222137462e-04,-1.1954898425e-14
-61.5234375,5.2812150806e-04,-1.0254444985e-14
-61.42578125,8.2422873452e-04,-8.2152996969e-15
-61.328125,1.0856099168e-03,-6.1796027390e-15
-61.23046875,1.2987495399e-03,-3.9706522842e-15
-61.1328125,1.4522414593e-03,-1.9392499853e-15
-61.03515625,1.5373899033e-03,9.2332412689e-17
-60.9375,1.5486884808e-03,1.7796350895e-15
-60.83984375,1.4841514445e-03,3.3162866354e-15
-60.7421875,1.3454783025e-03,4.3779639810e-15
-60.64453125,1.1380407347e-03,5.1864202697e-15
-60.546875,8.7068927660e-04,5.4476198127e-15
-60.44921875,5.5538596789e-04,5.4190435263e-15
-60.3515625,2.0667772617e-04,4.8416420608e-15
-60.25390625,-1.5896682054e-04,4.0101080617e-15
-60.15625,-5.2392729274e-04,2.6986051354e-15
-60.05859375,-8.7027284520e-04,1.2343093972e-15
-59.9609375,-1.1806351776e-03,-5.8303051003e-16
-59.86328125,-1.4390713361e-03,-2.4040752024e-15
-59.765625,-1.6318739863e-03,-4.4159815050e-15
-59.66796875,-1.7482884726e-03,-6.2611232651e-15
-59.5703125,-1.7810996099e-03,-8.1283291435e-15
-59.47265625,-1.7270566758e-03,-9.6667282849e-15
-59.375,-1.5871122761e-03,-1.1081367364e-14
-59.27734375,-1.3664593522e-03,-1.2041499334e-14
-59.1796875,-1.0743602039e-03,-1.2780013365e-14
-59.08203125,-7.2377157055e-04,-1.2995522383e-14
-58.984375,-3.3078003843e-04,-1.2955365193e-14
-58.88671875,8.6128188183e-05,-1.2391275036e-14
-58.7890625,5.0693033757e-04,-1.1605763649e-14
-58.69140625,9.1102281227e-04,-1.0361349012e-14
-58.59375,1.2782240674e-03,-8.9905542362e-15
-58.49609375,1.5897758522e-03,-7.2787611684e-15
-58.3984375,1.8292932430e-03,-5.5781713151e-15
-58.30078125,1.9836155861e-03,-3.6848400675e-15
-58.203125,2.0435145955e-03,-1.9571122332e-15
-58.10546875,2.0042222205e-03,-1.8745038974e-16
-58.0078125,1.8657492008e-03,1.2738532769e-15
-57.91015625,1.6329750581e-03,2.6515050802e-15
-57.8125,1.3155011574e-03,3.6154411161e-15
-57.71484375,9.2726987364e-04,4.4177467717e-15
-57.6171875,4.8596429387e-04,4.7564978295e-15
-57.51953125,1.2213723048e-05,4.9163908430e-15
-57.421875,-4.7135994440e-04,4.6258612605e-15
-57.32421875,-9.4121164357e-04,4.2014521111e-15
-57.2265625,-1.3740086167e-03,3.3982465687e-15
-57.12890625,-1.7477780503e-03,2.5582360659e-15
-57.03125,-2.0430112555e-03,1.4542904406e-15
-56.93359375,-2.2436696516e-03,4.4300276251e-16
-56.8359375,-2.3380413244e-03,-6.9720503929e-16
-56.73828125,-2.3194029950e-03,-1.6080471509e-15
-56.640625,-2.1864506635e-03,-2.5186493704e-15
-56.54296875,-1.9434726671e-03,-3.0817409218e-15
-56.4453125,-1.6002509687e-03,-3.5456818283e-15
-56.34765625,-1.1716896329e-03,-3.5844371929e-15
-56.25,-6.7718301054e-04,-3.4740905976e-15
-56.15234375,-1.3974945335e-04,-2.9161501364e-15
-56.0546875,4.1503129063e-04,-2.2182193867e-15
-55.95703125,9.6022817809e-04,-1.1104056341e-15
-55.859375,1.4688592399e-03,6.9763780384e-17
-55.76171875,1.9152193533e-03,1.5679259409e-15
-55.6640625,2.2761700350e-03,3.0235075835e-15
-55.56640625,2.5323266567e-03,4.6670202764e-15
-55.46875,2.6690825632e-03,6.1259284350e-15
-55.37109375,2.6774167566e-03,7.6281760702e-15
-55.2734375,2.5544417408e-03,8.8025982037e-15
-55.17578125,2.3036603011e-03,9.8881936931e-15
-55.078125,1.9349138039e-03,1.0528443840e-14
-54.98046875,1.4640193791e-03,1.0985622317e-14
-54.8828125,9.1210837096e-04,1.0928418718e-14
-54.78515625,3.0469302154e-04,1.0650895284e-14
-54.6875,-3.2949818586e-04,9.8529023606e-15
-54.58984375,-9.5986434981e-04,8.8633872568e-15
-54.4921875,-1.5553934655e-03,7.4132906766e-15
-54.39453125,-2.0861727493e-03,5.8631972029e-15
-54.296875,-2.5248757176e-03,3.9688439492e-15
-54.19921875,-2.8481532777e-03,2.1134635253e-15
-54.1015625,-3.0378590031e-03,6.6192566973e-17
-54.00390625,-3.0820450821e-03,-1.7803268680e-15
-53.90625,-2.9756749940e-03,-3.6579630415e-15
-53.80859375,-2.7210114569e-03,-5.1794748796e-15
-53.7109375,-2.3276531367e-03,-6.5923112231e-15
-53.61328125,-1.8122103596e-03,-7.5282219307e-15
-53.515625,-1.1976278401e-03,-8.2622653865e-15
-53.41796875,-5.1218034847e-04,-8.4548010608e-15
-53.3203125,2.1181567803e-04,-8.4152016876e-15
-53.22265625,9.3951625738e-04,-7.8361323943e-15
-53.125,1.6352187425e-03,-7.0618093845e-15
-53.02734375,2.2641052410e-03,-5.8144749422e-15
-52.9296875,2.7939751158e-03,-4.4676490194e-15
-52.83203125,3.1968802004e-03,-2.7649201831e-15
-52.734375,3.4505799003e-03,-1.0986628318e-15
-52.63671875,3.5397411621e-03,7.7809336679e-16
-52.5390625,3.4568199730e-03,2.4669843328e-15
-52.44140625,3.2025759890e-03,4.2188569797e-15
-52.34375,2.7861893081e-03,5.6422484628e-15
-52.24609375,2.2249674074e-03,7.0039252418e-15
-52.1484375,1.5436499428e-03,7.9300477413e-15
-52.05078125,7.7333851864e-04,8.7122714454e-15
-51.953125,-4.9903182268e-05,9.0012275829e-15
-51.85546875,-8.8671717067e-04,9.1179413614e-15
-51.7578125,-1.6963113598e-03,8.7394761328e-15
-51.66015625,-2.4384262462e-03,8.2158163293e-15
-51.5625,-3.0753152976e-03,7.2476445383e-15
-51.46484375,-3.5736435627e-03,6.2090843608e-15
-51.3671875,-3.9062106248e-03,4.8178284626e-15
-51.26953125,-4.0534100547e-03,3.4640631490e-15
-51.171875,-4.0043479241e-03,1.8733017966e-15
-51.07421875,-3.7575574411e-03,4.4197618156e-16
-50.9765625,-3.3212648941e-03,-1.1065511920e-15
-50.87890625,-2.7131831129e-03,-2.3794070195e-15
-50.78125,-1.9598316390e-03,-3.6648129167e-15
-50.68359375,-1.0954066151e-03,-4.5818404732e-15
-50.5859375,-1.6024680051e-04,-5.4374391905e-15
-50.48828125,8.0103622250e-04,-5.8684554522e-15
-50.390625,1.7416769281e-03,-6.2048495377e-15
-50.29296875,2.6150225721e-03,-6.1037676979e-15
-50.1953125,3.3768370615e-03,-5.9192299879e-15
-50.09765625,3.9875274829e-03,-5.3282453014e-15
-50,4.4141809651e-03,-4.7068721460e-15
-49.90234375,4.6323075898e-03,-3.7484376654e-15
-49.8046875,4.6271985167e-03,-2.8462391956e-15
-49.70703125,4.3948266282e-03,-1.7038453746e-15
-49.609375,3.9422388117e-03,-7.2468422883e-16
-49.51171875,3.2874133260e-03,3.8548912729e-16
-49.4140625,2.4585813116e-03,1.2217932291e-15
-49.31640625,1.4930371570e-03,2.0852244847e-15
-49.21875,4.3548698770e-04,2.5783495023e-15
-49.12109375,-6.6399306224e-04,3.0174507020e-15
-49.0234375,-1.7522977799e-03,3.0203757363e-15
-48.92578125,-2.7758264549e-03,2.9257534107e-15
-48.828125,-3.6830914708e-03,2.3722926374e-15
-48.73046875,-4.4272781493e-03,1.7248650180e-15
-48.6328125,-4.9686313389e-03,6.4506927319e-16
-48.53515625,-5.2765491390e-03,-4.7592732512e-16
-48.4375,-5.3312747743e-03,-1.9555970983e-15
-48.33984375,-5.1250938708e-03,-3.3805222463e-15
-48.2421875,-4.6629658031e-03,-5.0534728888e-15
-48.14453125,-3.9625436658e-03,-6.5468621032e-15
-48.046875,-3.0535666864e-03,-8.1584592080e-15
-47.94921875,-1.9766401764e-03,-9.4572626888e-15
-47.8515625,-7.8144976472e-04,-1.0747509070e-14
-47.75390625,4.7551309068e-04,-1.1606440475e-14
-47.65625,1.7336102765e-03,-1.2356070214e-14
-47.55859375,2.9309746825e-03,-1.2592276834e-14
-47.4609375,4.0075442984e-03,-1.2663866892e-14
-47.36328125,4.9080622123e-03,-1.2192467954e-14
-47.265625,5.5848914347e-03,-1.1558693824e-14
-47.16796875,6.0005009626e-03,-1.0412430770e-14
-47.0703125,6.1294945752e-03,-9.1660216885e-15
-46.97265625,5.9600756300e-03,-7.4948304785e-15
-46.875,5.4948683000e-03,-5.8374628116e-15
-46.77734375,4.7510467297e-03,-3.8869187244e-15
-46.6796875,3.7597568037e-03,-2.0982849225e-15
-46.58203125,2.5648489459e-03,-1.7050306257e-16
-46.484375,1.2209730570e-03,1.4376640839e-15
-46.38671875,-2.0888303192e-04,3.0346700035e-15
-46.2890625,-1.6563034856e-03,4.1714723948e-15
-46.19140625,-3.0506724435e-03,5.1769367725e-15
-46.09375,-4.3225727714e-03,5.6236100648e-15
-45.99609375,-5.4071972835e-03,5.8709948392e-15
-45.8984375,-6.2476096111e-03,5.5214973656e-15
-45.80078125,-6.7976943513e-03,4.9710284258e-15
-45.703125,-7.0246459063e-03,3.8545346894e-15
-45.60546875,-6.9108626486e-03,2.6041177478e-15
-45.5078125,-6.4551375030e-03,8.8387221518e-16
-45.41015625,-5.6730671206e-03,-8.4429753898e-16
-45.3125,-4.5966383912e-03,-2.8963075091e-15
-45.21484375,-3.2729915064e-03,-4.7919063197e-15
-45.1171875,-1.7624010705e-03,-6.8402869992e-15
-45.01953125,-1.3555849266e-04,-8.5573402485e-15
-44.921875,1.5297224522e-03,-1.0260647248e-14
-44.82421875,3.1522218835e-03,-1.1477188819e-14
-44.7265625,4.6512714994e-03,-1.2547368018e-14
-44.62890625,5.9507573489e-03,-1.3022283515e-14
-44.53125,6.9829659844e-03,-1.3276105799e-14
-44.43359375,7.6920778801e-03,-1.2892569335e-14
-44.3359375,8.0371282197e-03,-1.2285461655e-14
-44.23828125,7.9942809349e-03,-1.1073953483e-14
-44.140625,7.5582955803e-03,-9.7112974657e-15
-44.04296875,6.7431061583e-03,-7.8487878619e-15
-43.9453125,5.5814740517e-03,-5.9729344366e-15
-43.84765625,4.1237214513e-03,-3.7582187961e-15
-43.75,2.4355949475e-03,-1.7129810147e-15
-43.65234375,5.9534943508e-04,4.7878846111e-16
-43.5546875,-1.3098212703e-03,2.3022218409e-15
-43.45703125,-3.1878498247e-03,4.0804158093e-15
-43.359375,-4.9461748090e-03,5.3093342389e-15
-43.26171875,-6.4962345572e-03,6.3365865353e-15
-43.1640625,-7.7578655654e-03,6.6854883289e-15
-43.06640625,-8.6633938886e-03,6.7431407738e-15
-42.96875,-9.1612151502e-03,6.0726541458e-15
-42.87109375,-9.2186755540e-03,5.1099556647e-15
-42.7734375,-8.8240928479e-03,3.4634749027e-15
-42.67578125,-7.9877922576e-03,1.6192511233e-15
-42.578125,-6.7420770164e-03,-7.7231900960e-16
-42.48046875,-5.1401045328e-03,-3.1830565657e-15
-42.3828125,-3.2536949402e-03,-5.9331805178e-15
-42.28515625,-1.1701556689e-03,-8.4689335938e-15
-42.1875,1.0117397455e-03,-1.1101072752e-14
-42.08984375,3.1864317114e-03,-1.3272542499e-14
-41.9921875,5.2466870950e-03,-1.5308216388e-14
-41.89453125,7.0888903000e-03,-1.6671274182e-14
-41.796875,8.6182454619e-03,-1.7723163180e-14
-41.69921875,9.7536236879e-03,-1.7967423083e-14
-41.6015625,1.0431805529e-02,-1.7818904534e-14
-41.50390625,1.0610898837e-02,-1.6834003733e-14
-41.40625,1.0272753748e-02,-1.5488623465e-14
-41.30859375,9.4242469218e-03,-1.3394013780e-14
-41.2109375,8.0973630726e-03,-1.1083551095e-14
-41.11328125,6.3480599419e-03,-8.2143772170e-15
-41.015625,4.2539600766e-03,-5.3631584991e-15
-40.91796875,1.9109665612e-03,-2.2140217259e-15
-40.8203125,-5.7105171569e-04,6.3544563660e-16
-40.72265625,-3.0733178629e-03,3.4992293873e-15
-40.625,-5.4737260515e-03,5.7855302752e-15
-40.52734375,-7.6526936331e-03,7.8336336207e-15
-40.4296875,-9.4990202965e-03,9.0837347769e-15
-40.33203125,-1.0915479879e-02,9.9243729721e-15
-40.234375,-1.1823872582e-02,9.8481651429e-15
-40.13671875,-1.2169279202e-02,9.3091531107e-15
-40.0390625,-1.1923285521e-02,7.8631334231e-15
-39.94140625,-1.1085984863e-02,6.0342546079e-15
-39.84375,-9.6866193491e-03,3.4396000229e-15
-39.74609375,-7.7827842461e-03,6.6501920008e-16
-39.6484375,-5.4581919425e-03,-2.6258623660e-15
-39.55078125,-2.8190686525e-03,-5.8058034723e-15
-39.453125,1.0666886744e-05,-9.1898976965e-15
-39.35546875,2.8952228259e-03,-1.2138199031e-14
-39.2578125,5.6934717092e-03,-1.4975441149e-14
-39.16015625,8.2658808455e-03,-1.7080339360e-14
-39.0625,1.0481483345e-02,-1.8817495412e-14
-38.96484375,1.2224530927e-02,-1.9611918303e-14
-38.8671875,1.3400483711e-02,-1.9891675732e-14
-38.76953125,1.3941026018e-02,-1.9146255232e-14
-38.671875,1.3807848217e-02,-1.7879293972e-14
-38.57421875,1.2994998985e-02,-1.5649866946e-14
-38.4765625,1.1529685416e-02,-1.3035318009e-14
-38.37890625,9.4714752408e-03,-9.6555111991e-15
-38.28125,6.9099314145e-03,-6.1462490035e-15
-38.18359375,3.9607806898e-03,-2.1669692006e-15
-38.0859375,7.6078186088e-04,1.6138999668e-15
-37.98828125,-2.5384853015e-03,5.5267123624e-15
-37.890625,-5.7776433220e-03,8.9019818092e-15
-37.79296875,-8.7970485755e-03,1.2092314240e-14
-37.6953125,-1.1444499716e-02,1.4458749021e-14
-37.59765625,-1.3582774012e-02,1.6405617925e-14
-37.5,-1.5096636343e-02,1.7350119788e-14
-37.40234375,-1.5898972685e-02,1.7768975020e-14
-37.3046875,-1.5935722604e-02,1.7150123267e-14
-37.20703125,-1.5189325682e-02,1.6050458799e-14
-37.109375,-1.3680455685e-02,1.4028599152e-14
-37.01171875,-1.1467892921e-02,1.1713868107e-14
-36.9140625,-8.6464767471e-03,8.7203650161e-15
-36.81640625,-5.3431816920e-03,5.7279220138e-15
-36.71875,-1.7114657550e-03,2.3781672015e-15
-36.62109375,2.0758592845e-03,-6.3082534486e-16
-36.5234375,5.8348956473e-03,-3.6648039481e-15
-36.42578125,9.3796535214e-03,-6.0431077930e-15
-36.328125,1.2531310849e-02,-8.1734017312e-15
-36.23046875,1.5127257415e-02,-9.4235822878e-15
-36.1328125,1.7029449574e-02,-1.0269570736e-14
-36.03515625,1.8131638180e-02,-1.0147486179e-14
-35.9375,1.8365094099e-02,-9.6135438670e-15
-35.83984375,1.7702537963e-02,-8.1758115377e-15
-35.7421875,1.6160077117e-02,-6.4662206993e-15
-35.64453125,1.3797055484e-02,-4.0521336002e-15
-35.546875,1.0713824194e-02,-1.6214398137e-15
-35.44921875,7.0475361778e-03,1.2252447597e-15
-35.3515625,2.9661524863e-03,3.7745518098e-15
-35.25390625,-1.3390800629e-03,6.4260796551e-15
-35.15625,-5.6623610285e-03,8.4754663771e-15
-35.05859375,-9.7929114047e-03,1.0356437942e-14
-34.9609375,-1.3524986558e-02,1.1405023184e-14
-34.86328125,-1.6667893113e-02,1.2116603769e-14
-34.765625,-1.9055557343e-02,1.1889601222e-14
-34.66796875,-2.0555187382e-02,1.1296475143e-14
-34.5703125,-2.1074583932e-02,9.8057094763e-15
-34.47265625,-2.0567688691e-02,8.0667837309e-15
-34.375,-1.9038020103e-02,5.6098752180e-15
-34.27734375,-1.6539733570e-02,3.1454050479e-15
-34.1796875,-1.3176155828e-02,2.4223033039e-16
-34.08203125,-9.0957754458e-03,-2.3570633713e-15
-33.984375,-4.4858146347e-03,-5.0780922182e-15
-33.88671875,4.3634865203e-04,-7.1812781310e-15
-33.7890625,5.4335061817e-03,-9.1223576412e-15
-33.69140625,1.0260178201e-02,-1.0198404127e-14
-33.59375,1.4674808989e-02,-1.0925099835e-14
-33.49609375,1.8451956824e-02,-1.0660522634e-14
-33.3984375,2.1393830194e-02,-9.9978362051e-15
-33.30078125,2.3340557065e-02,-8.3655376483e-15
-33.203125,2.4178647062e-02,-6.4354054612e-15
-33.10546875,2.3847211470e-02,-3.6989365644e-15
-33.0078125,2.2341633933e-02,-8.9161790485e-16
-32.91015625,1.9714524432e-02,2.4539398307e-15
-32.8125,1.6073929034e-02,5.5655582374e-15
-32.71484375,1.1578897714e-02,8.9001889772e-15
-32.6171875,6.4326252174e-03,1.1681737541e-14
-32.51953125,8.7347235624e-04,1.4389886078e-14
-32.421875,-4.8357517514e-03,1.6275902736e-14
-32.32421875,-1.0419808309e-02,1.7870831978e-14
-32.2265625,-1.5603863099e-02,1.8477580472e-14
-32.12890625,-2.0126611046e-02,1.8697399666e-14
-32.03125,-2.3753131937e-02,1.7897199614e-14
-31.93359375,-2.6286893702e-02,1.6754228901e-14
-31.8359375,-2.7580311526e-02,1.4697736538e-14
-31.73828125,-2.7543288153e-02,1.2472416034e-14
-31.640625,-2.6149211973e-02,9.5544782848e-15
-31.54296875,-2.3437980848e-02,6.7345615402e-15
-31.4453125,-1.9515751989e-02,3.5091979667e-15
-31.34765625,-1.4551286309e-02,6.8516564680e-16
-31.25,-8.7689484847e-03,-2.2526414518e-15
-31.15234375,-2.4386262193e-03,-4.5131163660e-15
-31.0546875,4.1369727645e-03,-6.6530817678e-15
-30.95703125,1.0637015965e-02,-7.9236219621e-15
-30.859375,1.6738469155e-02,-8.9448750301e-15
-30.76171875,2.2132396159e-02,-9.0250942945e-15
-30.6640625,2.6539752220e-02,-8.8559613325e-15
-30.56640625,2.9725813469e-02,-7.8036148662e-15
-30.46875,3.1512467189e-02,-6.6247043475e-15
-30.37109375,3.1787719858e-02,-4.7296462128e-15
-30.2734375,3.0511950831e-02,-2.9209337093e-15
-30.17578125,2.7720632676e-02,-6.2946405949e-16
-30.078125,2.3523435865e-02,1.3230081823e-15
-29.98046875,1.8099817845e-02,3.5130913114e-15
-29.8828125,1.1691350899e-02,5.1272794060e-15
-29.78515625,4.5911630697e-03,6.7758261865e-15
-29.6875,-2.8690466936e-03,7.6762631388e-15
-29.58984375,-1.0333896320e-02,8.4912522630e-15
-29.4921875,-1.7440540390e-02,8.4827302731e-15
-29.39453125,-2.3835605898e-02,8.3739132410e-15
-29.296875,-2.9192179761e-02,7.4735355120e-15
-29.19921875,-3.3226133647e-02,6.5621411513e-15
-29.1015625,-3.5711028769e-02,4.9860573184e-15
-29.00390625,-3.6490823287e-02,3.5692003899e-15
-28.90625,-3.5489626028e-02,1.6769787999e-15
-28.80859375,-3.2717818298e-02,1.5494984952e-16
-28.7109375,-2.8274008865e-02,-1.6366012517e-15
-28.61328125,-2.2342493432e-02,-2.8551123376e-15
-28.515625,-1.5186145485e-02,-4.1697491475e-15
-28.41796875,-7.1349481436e-03,-4.7631061424e-15
-28.3203125,1.4293397078e-03,-5.3525962682e-15
-28.22265625,1.0091630575e-02,-5.1599570230e-15
-28.125,1.8424103072e-02,-4.9595973022e-15
-28.02734375,2.6007826916e-02,-4.0147545849e-15
-27.9296875,3.2454222195e-02,-3.1533292939e-15
-27.83203125,3.7425157738e-02,-1.6702619903e-15
-27.734375,4.0650576307e-02,-4.3229149541e-16
-27.63671875,4.1942695145e-02,1.2529305568e-15
-27.5390625,4.1206056902e-02,2.5015274238e-15
-27.44140625,3.8442976134e-02,4.0164029320e-15
-27.34375,3.3754211047e-02,4.9192686868e-15
-27.24609375,2.7334957071e-02,5.9452250300e-15
-27.1484375,1.9466481226e-02,6.2401076957e-15
-27.05078125,1.0503878320e-02,6.5860905239e-15
-26.953125,8.6053121978e-04,6.1632663356e-15
-26.85546875,-9.0100885837e-03,5.8063658256e-15
-26.7578125,-1.8634614178e-02,4.7298465301e-15
-26.66015625,-2.7541273662e-02,3.8167166281e-15
-26.5625,-3.5281930905e-02,2.3062191865e-15
-26.46484375,-4.1453852762e-02,1.1161170455e-15
-26.3671875,-4.5720284493e-02,-5.0679025004e-16
-26.26953125,-4.7828827137e-02,-1.6296087548e-15
-26.171875,-4.7626563074e-02,-3.0194065481e-15
-26.07421875,-4.5070903729e-02,-3.7495598158e-15
-25.9765625,-4.0235262145e-02,-4.6220275837e-15
-25.87890625,-3.3308890516e-02,-4.7346647819e-15
-25.78125,-2.4590554765e-02,-4.9394147184e-15
-25.68359375,-1.4476112012e-02,-4.3689098539e-15
-25.5859375,-3.4404693059e-03,-3.9302998839e-15
-25.48828125,7.9852090575e-03,-2.7899925751e-15
-25.390625,1.9239847276e-02,-1.9038418693e-15
-25.29296875,2.9760907959e-02,-4.5967926912e-16
-25.1953125,3.9013341848e-02,5.5421899975e-16
-25.09765625,4.6517382472e-02,1.9485898637e-15
-25,5.1873593654e-02,2.7250475132e-15
-24.90234375,5.4783757818e-02,3.7164640980e-15
-24.8046875,5.5066483536e-02,3.9362996912e-15
-24.70703125,5.2666787722e-02,4.2594754328e-15
-24.609375,4.7659328455e-02,3.7274018220e-15
-24.51171875,4.0245373457e-02,3.2692976931e-15
-24.4140625,3.0743932128e-02,1.9610909532e-15
-24.31640625,1.9577717754e-02,7.8800985465e-16
-24.21875,7.2547299434e-03,-1.1433694646e-15
-24.12109375,-5.6537253795e-03,-2.8004550231e-15
-24.0234375,-1.8537788144e-02,-5.0595392782e-15
-23.92578125,-3.0775807776e-02,-6.8570792219e-15
-23.828125,-4.1762343291e-02,-9.0724496607e-15
-23.73046875,-5.0936538942e-02,-1.0632917355e-14
-23.6328125,-5.7809857118e-02,-1.2444283401e-14
-23.53515625,-6.1991951967e-02,-1.3447795104e-14
-23.4375,-6.3213284923e-02,-1.4598505841e-14
-23.33984375,-6.1342986547e-02,-1.4871892266e-14
-23.2421875,-5.6400521141e-02,-1.5289743066e-14
-23.14453125,-4.8559947235e-02,-1.4874025786e-14
-23.046875,-3.8145982915e-02,-1.4720672729e-14
-22.94921875,-2.5621633036e-02,-1.3898733762e-14
-22.8515625,-1.1567741509e-02,-1.3573122229e-14
-22.75390625,3.3445814860e-03,-1.2848412124e-14
-22.65625,1.8387200385e-02,-1.2942165271e-14
-22.55859375,3.2812011732e-02,-1.2973406723e-14
-22.4609375,4.5889696783e-02,-1.4189459125e-14
-22.36328125,5.6947907753e-02,-1.5699762679e-14
-22.265625,6.5406628411e-02,-1.8758870146e-14
-22.16796875,7.0808614006e-02,-2.2446204181e-14
-22.0703125,7.2843157233e-02,-2.8007903537e-14
-21.97265625,7.1361935685e-02,-3.4482349232e-14
-21.875,6.6386321129e-02,-4.3103211205e-14
-21.77734375,5.8106181787e-02,-5.2869449763e-14
-21.6796875,4.6870778048e-02,-6.5010292461e-14
-21.58203125,3.3172748587e-02,-7.8498105420e-14
-21.484375,1.7626363629e-02,-9.4576751413e-14
-21.38671875,9.4120170729e-04,-1.1221505394e-13
-21.2890625,-1.6107744515e-02,-1.3270007985e-13
-21.19140625,-3.2712709618e-02,-1.5503026675e-13
-21.09375,-4.8067833472e-02,-1.8057620195e-13
-20.99609375,-6.1405135521e-02,-2.0841314292e-13
-20.8984375,-7.2030841567e-02,-2.4005258604e-13
-20.80078125,-7.9360767731e-02,-2.7471420000e-13
-20.703125,-8.2953047589e-02,-3.1413174155e-13
-20.60546875,-8.2536127986e-02,-3.5776320950e-13
-20.5078125,-7.8029794427e-02,-4.0767313528e-13
-20.41015625,-6.9557125779e-02,-4.6367882802e-13
-20.3125,-5.7445755195e-02,-5.2830915326e-13
-20.21484375,-4.2217573621e-02,-6.0188315626e-13
-20.1171875,-2.4566923970e-02,-6.8754594163e-13
-20.01953125,-5.3282430664e-03,-7.8627715892e-13
-19.921875,1.4565109094e-02,-9.0200574090e-13
-19.82421875,3.4128495316e-02,-1.0365483791e-12
-19.7265625,5.2377367880e-02,-1.1948085952e-12
-19.62890625,6.8379337029e-02,-1.3796463684e-12
-19.53125,8.1303803744e-02,-1.5971677019e-12
-19.43359375,9.0466084613e-02,-1.8515268163e-12
-19.3359375,9.5363274620e-02,-2.1503070095e-12
-19.23828125,9.5699714584e-02,-2.4992497872e-12
-19.140625,9.1400829717e-02,-2.9077219456e-12
-19.04296875,8.2615158803e-02,-3.3833585240e-12
-18.9453125,6.9705397350e-02,-3.9376088467e-12
-18.84765625,5.3230022286e-02,-4.5802864415e-12
-18.75,3.3917412214e-02,-5.3252020574e-12
-18.65234375,1.2634309899e-02,-6.1846409545e-12
-18.5546875,-9.6499020652e-03,-7.1751321936e-12
-18.45703125,-3.1902143993e-02,-8.3119248887e-12
-18.359375,-5.3067261995e-02,-9.6150014570e-12
-18.26171875,-7.2111984581e-02,-1.1103686717e-11
-18.1640625,-8.8070718228e-02,-1.2803075245e-11
-18.06640625,-1.0009218261e-01,-1.4738958131e-11
-17.96875,-1.0748511007e-01,-1.6944860486e-11
-17.87109375,-1.0976037598e-01,-1.9457458504e-11
-17.7734375,-1.0666625276e-01,-2.2324357350e-11
-17.67578125,-9.8213260656e-02,-2.5600047378e-11
-17.578125,-8.4685492094e-02,-2.9354388101e-11
-17.48046875,-6.6636300313e-02,-3.3668976599e-11
-17.3828125,-4.4867656218e-02,-3.8646163099e-11
-17.28515625,-2.0393967179e-02,-4.4405649043e-11
-17.1875,5.6075775649e-03,-5.1093913617e-11
-17.08984375,3.1857167471e-02,-5.8881020470e-11
-16.9921875,5.7039505963e-02,-6.7970569258e-11
-16.89453125,7.9874028275e-02,-7.8596926528e-11
-16.796875,9.9184035934e-02,-9.1035963194e-11
-16.69921875,1.1396040599e-01,-1.0560288363e-10
-16.6015625,1.2341561301e-01,-1.2266370029e-10
-16.50390625,1.2702435632e-01,-1.4263322623e-10
-16.40625,1.2454824090e-01,-1.6598639531e-10
-16.30859375,1.1604362223e-01,-1.9325509686e-10
-16.2109375,1.0185355231e-01,-2.2503782425e-10
-16.11328125,8.2586290051e-02,-2.6199402070e-10
-16.015625,5.9083672680e-02,-3.0485145693e-10
-15.91796875,3.2382633242e-02,-3.5439876080e-10
-15.8203125,3.6724244503e-03,-4.1149298442e-10
-15.72265625,-2.5750998102e-02,-4.7705494326e-10
-15.625,-5.4533083035e-02,-5.5208407044e-10
-15.52734375,-8.1311694621e-02,-6.3766631500e-10
-15.4296875,-1.0477163797e-01,-7.3500876363e-10
-15.33203125,-1.2370281416e-01,-8.4547500114e-10
-15.234375,-1.3706095283e-01,-9.7065589818e-10
-15.13671875,-1.4402822054e-01,-1.1124483667e-09
-15.0390625,-1.4406928570e-01,-1.2731748629e-09
-14.94140625,-1.3697720752e-01,-1.4557112748e-09
-14.84375,-1.2290334757e-01,-1.6636513592e-09
-14.74609375,-1.0236662582e-01,-1.9014697707e-09
-14.6484375,-7.6239634920e-02,-2.1747096189e-09
-14.55078125,-4.5711755251e-02,-2.4901562731e-09
-14.453125,-1.2231729569e-02,-2.8560280730e-09
-14.35546875,2.2566331998e-02,-3.2821518219e-09
-14.2578125,5.6948867629e-02,-3.7801625300e-09
-14.16015625,8.9175833745e-02,-4.3637015388e-09
-14.0625,1.1759562601e-01,-5.0486565632e-09
-13.96484375,1.4073634378e-01,-5.8534138112e-09
-13.8671875,1.5738720377e-01,-6.7991544300e-09
-13.76953125,1.6666379803e-01,-7.9101429892e-09
-13.671875,1.6805187216e-01,-9.2140125926e-09
-13.57421875,1.6142661826e-01,-1.0741965368e-08
-13.4765625,1.4704774256e-01,-1.2528876686e-08
-13.37890625,1.2553383407e-01,-1.4613225741e-08
-13.28125,9.7821774306e-02,-1.7036874732e-08
-13.18359375,6.5117447413e-02,-1.9844678784e-08
-13.0859375,2.8842878591e-02,-2.3084030119e-08
-12.98828125,-9.4172428420e-03,-2.6804408671e-08
-12.890625,-4.7969108086e-02,-3.1057140212e-08
-12.79296875,-8.5064833865e-02,-3.5895537148e-08
-12.6953125,-1.1896158044e-01,-4.1375740184e-08
-12.59765625,-1.4798737470e-01,-4.7558558742e-08
-12.5,-1.7061508549e-01,-5.4512731930e-08
-12.40234375,-1.8554354043e-01,-6.2319927958e-08
-12.3046875,-1.9178136788e-01,-7.1081766733e-08
-12.20703125,-1.8872566887e-01,-8.0928830069e-08
-12.109375,-1.7622537132e-01,-9.2031399597e-08
-12.01171875,-1.5461927789e-01,-1.0461127311e-07
-11.9140625,-1.2474172594e-01,-1.1895392805e-07
-11.81640625,-8.7893547805e-02,-1.3542024939e-07
-11.71875,-4.5780899793e-02,-1.5445739634e-07
-11.62109375,-4.2785360645e-04,-1.7660871020e-07
-11.5234375,4.5930257500e-02,-2.0252313580e-07
-11.42578125,9.0966279831e-02,-2.3296494862e-07
-11.328125,1.3238780459e-01,-2.6882492680e-07
-11.23046875,1.6806498258e-01,-3.1113395404e-07
-11.1328125,1.9615212526e-01,-3.6107962123e-07
-11.03515625,2.1519351218e-01,-4.2002518365e-07
-10.9375,2.2420289557e-01,-4.8952869482e-07
-10.83984375,2.2270806845e-01,-5.7135823550e-07
-10.7421875,2.1075692591e-01,-6.6749797836e-07
-10.64453125,1.8888829806e-01,-7.8013967323e-07
-10.546875,1.5807687444e-01,-9.1165585111e-07
-10.44921875,1.1966443906e-01,-1.0645540098e-06
-10.3515625,7.5288615397e-02,-1.2414149973e-06
-10.25390625,2.6816379301e-02,-1.4448224432e-06
-10.15625,-2.3715365627e-02,-1.6772934198e-06
-10.05859375,-7.4154211558e-02,-1.9412234267e-06
-9.9609375,-1.2228671938e-01,-2.2388628086e-06
-9.86328125,-1.6589952628e-01,-2.5723473478e-06
-9.765625,-2.0285369923e-01,-2.9438131281e-06
-9.66796875,-2.3117702244e-01,-3.3556313688e-06
-9.5703125,-2.4917444838e-01,-3.8107976450e-06
-9.47265625,-2.5555008033e-01,-4.3134952472e-06
-9.375,-2.4952650207e-01,-4.8698230037e-06
-9.27734375,-2.3094220710e-01,-5.4886394797e-06
-9.1796875,-2.0030840153e-01,-6.1824429525e-06
-9.08203125,-1.5881333810e-01,-6.9681951241e-06
-8.984375,-1.0827295261e-01,-7.8680144058e-06
-8.88671875,-5.1036168260e-02,-8.9097059084e-06
-8.7890625,1.0142123518e-02,-1.0127146477e-05
-8.69140625,7.2248487755e-02,-1.1560590175e-05
-8.59375,1.3217118005e-01,-1.3256995960e-05
-8.49609375,1.8686914972e-01,-1.5270499731e-05
-8.3984375,2.3354538245e-01,-1.7663147083e-05
-8.30078125,2.6981518875e-01,-2.0505948629e-05
-8.203125,2.9385306571e-01,-2.3880195941e-05
-8.10546875,3.0449763566e-01,-2.7878785227e-05
-8.0078125,3.0129745157e-01,-3.2607088460e-05
-7.91015625,2.8449205619e-01,-3.8182778597e-05
-7.8125,2.5493829671e-01,-4.4734048232e-05
-7.71484375,2.1400423402e-01,-5.2395891365e-05
-7.6171875,1.6345647794e-01,-6.1304489424e-05
-7.51953125,1.0536105190e-01,-7.1590130464e-05
-7.421875,4.2007240668e-02,-8.3369368714e-05
-7.32421875,-2.4146285450e-02,-9.6737244902e-05
-7.2265625,-9.0510330443e-02,-1.1176040551e-04
-7.12890625,-1.5439935043e-01,-1.2847207166e-04
-7.03125,-2.1307277853e-01,-1.4687024998e-04
-6.93359375,-2.6379654680e-01,-1.6692145093e-04
-6.8359375,-3.0393785935e-01,-1.8857323589e-04
-6.73828125,-3.3110204335e-01,-2.1177943318e-04
-6.640625,-3.4330909892e-01,-2.3654085324e-04
-6.54296875,-3.3919042255e-01,-2.6296117675e-04
-6.4453125,-3.1816989046e-01,-2.9131296390e-04
-6.34765625,-2.8058799266e-01,-3.2210444374e-04
-6.25,-2.2773899819e-01,-3.5613635052e-04
-6.15234375,-1.6181517932e-01,-3.9454071994e-04
-6.0546875,-8.5776275451e-02,-4.3879906054e-04
-5.95703125,-3.1741412001e-03,-4.9074306747e-04
-5.859375,8.2041950421e-02,-5.5254507014e-04
-5.76171875,1.6572851001e-01,-6.2670758678e-04
-5.6640625,2.4376263066e-01,-7.1606272285e-04
-5.56640625,3.1227520610e-01,-8.2379286100e-04
-5.46875,3.6789878093e-01,-9.5348196091e-04
-5.37109375,4.0800496402e-01,-1.1091979079e-03
-5.2734375,4.3088643255e-01,-1.2955884123e-03
-5.17578125,4.3583585385e-01,-1.5179495075e-03
-5.078125,4.2309723929e-01,-1.7822072339e-03
-4.98046875,3.9370611974e-01,-2.0947520418e-03
-4.8828125,3.4927125158e-01,-2.4620875132e-03
-4.78515625,2.9176210130e-01,-2.8902943899e-03
-4.6875,2.2334983115e-01,-3.3843534734e-03
-4.58984375,1.4631863273e-01,-3.9474016312e-03
-4.4921875,6.3037258275e-02,-4.5800032836e-03
-4.39453125,-2.4031853958e-02,-5.2795016835e-03
-4.296875,-1.1230666380e-01,-6.0394764717e-03
-4.19921875,-1.9905509784e-01,-6.8492978425e-03
-4.1015625,-2.8136632134e-01,-7.6937703264e-03
-4.00390625,-3.5613282149e-01,-8.5529405978e-03
-3.90625,-4.2006489024e-01,-9.4023151852e-03
-3.80859375,-4.6977395266e-01,-1.0213936661e-02
-3.7109375,-5.0196393502e-01,-1.0958849891e-02
-3.61328125,-5.1374544878e-01,-1.1611261252e-02
-3.515625,-5.0303425407e-01,-1.2154077719e-02
-3.41796875,-4.6893704137e-01,-1.2584731036e-02
-3.3203125,-4.1200569744e-01,-1.2919744183e-02
-3.22265625,-3.3428223622e-01,-1.3196799888e-02
-3.125,-2.3914084978e-01,-1.3474025898e-02
-3.02734375,-1.3100620191e-01,-1.3827210831e-02
-2.9296875,-1.5044852025e-02,-1.4346112973e-02
-2.83203125,1.0310975296e-01,-1.5130827798e-02
-2.734375,2.1759579958e-01,-1.6288713613e-02
-2.63671875,3.2256626007e-01,-1.7932086098e-02
-2.5390625,4.1248811678e-01,-2.0176964335e-02
-2.44140625,4.8251841477e-01,-2.3143399054e-02
-2.34375,5.2891351962e-01,-2.6957876294e-02
-2.24609375,5.4936174074e-01,-3.1757512098e-02
-2.1484375,5.4311307944e-01,-3.7694255400e-02
-2.05078125,5.1084562118e-01,-4.4935890026e-02
-1.953125,4.5432545513e-01,-5.3660471518e-02
-1.85546875,3.7600504884e-01,-6.4042610173e-02
-1.7578125,2.7870377776e-01,-7.6233161839e-02
-1.66015625,1.6543756361e-01,-9.0336808545e-02
-1.5625,3.9378312821e-02,-1.0639278874e-01
-1.46484375,-9.6115095248e-02,-1.2436143761e-01
-1.3671875,-2.3743437424e-01,-1.4411384737e-01
-1.26953125,-3.8062537704e-01,-1.6541708789e-01
-1.171875,-5.2123614250e-01,-1.8790823250e-01
-1.07421875,-6.5413125121e-01,-2.1106195291e-01
-0.9765625,-7.7340575733e-01,-2.3417965665e-01
-0.87890625,-8.7265327871e-01,-2.5645283752e-01
-0.78125,-9.4582959028e-01,-2.7715202031e-01
-0.68359375,-9.8865530728e-01,-2.9593408579e-01
-0.5859375,-1.0000000000e+00,-3.1315606955e-01
-0.48828125,-9.8243042047e-01,-3.3001863893e-01
-0.390625,-9.4149927525e-01,-3.4842717219e-01
-0.29296875,-8.8415235517e-01,-3.7061831513e-01
-0.1953125,-8.1710136480e-01,-3.9871227600e-01
-0.09765625,-7.4580439141e-01,-4.3433556988e-01
0,-6.7417194648e-01,-4.7837161891e-01
0.09765625,-6.0475428034e-01,-5.3082841893e-01
0.1953125,-5.3910148153e-01,-5.9079384412e-01
0.29296875,-4.7809445628e-01,-6.5645933427e-01
0.390625,-4.2217426514e-01,-7.2520561032e-01
0.48828125,-3.7148003295e-01,-7.9374848611e-01
0.5859375,-3.2593399649e-01,-8.5833921852e-01
0.68359375,-2.8530516095e-01,-9.1500678686e-01
0.78125,-2.4926462251e-01,-9.5982351274e-01
0.87890625,-2.1743255826e-01,-9.8917295070e-01
0.9765625,-1.8941357093e-01,-1.0000000000e+00
1.07421875,-1.6481953739e-01,-9.9002632576e-01
1.171875,-1.4328220842e-01,-9.5791806141e-01
1.26953125,-1.2445909753e-01,-9.0339668731e-01
1.3671875,-1.0803574589e-01,-8.2728777417e-01
1.46484375,-9.3726263951e-02,-7.3150596178e-01
1.5625,-8.1272985132e-02,-6.1897809962e-01
1.66015625,-7.0445480798e-02,-4.9350980719e-01
1.7578125,-6.1039028251e-02,-3.5960366349e-01
1.85546875,-5.2872668530e-02,-2.2223965104e-01
1.953125,-4.5787047125e-02,-8.6630240796e-02
2.05078125,-3.9642222412e-02,4.2036455374e-02
2.1484375,-3.4315569051e-02,1.5885173390e-01
2.24609375,-2.9699837758e-02,2.5942623144e-01
2.34375,-2.5701386870e-02,3.4010249699e-01
2.44140625,-2.2238579827e-02,3.9812962735e-01
2.5390625,-1.9240338283e-02,4.3179154371e-01
2.63671875,-1.6644842213e-02,4.4048301186e-01
2.734375,-1.4398369834e-02,4.2473026762e-01
2.83203125,-1.2454269280e-02,3.8615596069e-01
2.9296875,-1.0772052130e-02,3.2739092988e-01
3.02734375,-9.3165973049e-03,2.5193793380e-01
3.125,-8.0574535029e-03,1.6399475988e-01
3.22265625,-6.9682288476e-03,6.8246015368e-02
3.3203125,-6.0260575611e-03,-3.0365714746e-02
3.41796875,-5.2111345592e-03,-1.2687783284e-01
3.515625,-4.5063099272e-03,-2.1654306426e-01
3.61328125,-3.8967360083e-03,-2.9505075058e-01
3.7109375,-3.3695606362e-03,-3.5872357946e-01
3.80859375,-2.9136606679e-03,-4.0468061865e-01
3.90625,-2.5194106849e-03,-4.3095932879e-01
4.00390625,-2.1784822974e-03,-4.3659135813e-01
4.1015625,-1.8836701007e-03,-4.2162926268e-01
4.19921875,-1.6287407854e-03,-3.8712372884e-01
4.296875,-1.4083023939e-03,-3.3505328274e-01
4.39453125,-1.2176910485e-03,-2.6821073502e-01
4.4921875,-1.0528728653e-03,-1.9005262492e-01
4.58984375,-9.1035901762e-04,-1.0451960060e-01
4.6875,-7.8713221703e-04,-1.5836929404e-02
4.78515625,-6.8058307131e-04,7.1694879958e-02
4.8828125,-5.8845501632e-04,1.5390907081e-01
4.98046875,-5.0879665609e-04,2.2697118649e-01
5.078125,-4.3992053601e-04,2.8755780511e-01
5.17578125,-3.8036746758e-04,3.3300722567e-01
5.2734375,-3.2887567589e-04,3.6143537852e-01
5.37109375,-2.8435410386e-04,3.7181203707e-01
5.46875,-2.4585933007e-04,3.6399441502e-01
5.56640625,-2.1257559690e-04,3.3871734272e-01
5.6640625,-1.8379754548e-04,2.9754132473e-01
5.76171875,-1.5891527655e-04,2.4276178542e-01
5.859375,-1.3740143877e-04,1.7728461717e-01
5.95703125,-1.1880005547e-04,1.0447467190e-01
6.0546875,-1.0271686992e-04,2.7985014001e-02
6.15234375,-8.8810989296e-05,-4.8424469588e-02
6.25,-7.6787666165e-05,-1.2107015774e-01
6.34765625,-6.6392049637e-05,-1.8652062630e-01
6.4453125,-5.7403788788e-05,-2.4175708071e-01
6.54296875,-4.9632359781e-05,-2.8431085480e-01
6.640625,-4.2913031714e-05,-3.1237178760e-01
6.73828125,-3.7103372210e-05,-3.2486281163e-01
6.8359375,-3.2080232039e-05,-3.2147780321e-01
6.93359375,-2.7737131840e-05,-3.0268157197e-01
7.03125,-2.3982008515e-05,-2.6967271266e-01
7.12890625,-2.0735260762e-05,-2.2431181744e-01
7.2265625,-1.7928064973e-05,-1.6901916891e-01
7.32421875,-1.5500913390e-05,-1.0664742512e-01
7.421875,-1.3402355764e-05,-4.0335908114e-02
7.51953125,-1.1587905822e-05,2.6646132737e-02
7.6171875,-1.0019101190e-05,9.1059520906e-02
7.71484375,-8.6626852477e-06,1.4985064555e-01
7.8125,-7.4899049787e-06,2.0029504197e-01
7.91015625,-6.4758987066e-06,2.4012236992e-01
8.0078125,-5.5991718446e-06,2.6761712407e-01
8.10546875,-4.8411385356e-06,2.8169068839e-01
8.203125,-4.1857303386e-06,2.8192181054e-01
8.30078125,-3.6190529785e-06,2.6856414998e-01
8.3984375,-3.1290944045e-06,2.4252116510e-01
8.49609375,-2.7054676339e-06,2.0529017370e-01
8.59375,-2.3391930432e-06,1.5887887085e-01
8.69140625,-2.0225055604e-06,1.0569885249e-01
8.7890625,-1.7486924810e-06,4.8441714158e-02
8.88671875,-1.5119487977e-06,-1.0055972930e-02
8.984375,-1.3072564865e-06,-6.6952090525e-02
9.08203125,-1.1302757935e-06,-1.1953600521e-01
9.1796875,-9.7725555551e-07,-1.6535664725e-01
9.27734375,-8.4495141628e-07,-2.0233563685e-01
9.375,-7.3055928452e-07,-2.2886029346e-01
9.47265625,-6.3165367900e-07,-2.4385243122e-01
9.5703125,-5.4613846324e-07,-2.4681008916e-01
9.66796875,-4.7220031779e-07,-2.3782070258e-01
9.765625,-4.0827239497e-07,-2.1754562681e-01
9.86328125,-3.5299900678e-07,-1.8717730652e-01
9.9609375,-3.0520894884e-07,-1.4837167663e-01
10.05859375,-2.6388863268e-07,-1.0315952502e-01
10.15625,-2.2816262127e-07,-5.3841489393e-02
10.25390625,-1.9727308828e-07,-2.8720598817e-03
10.3515625,-1.7056571269e-07,4.7261613952e-02
10.44921875,-1.4747384811e-07,9.4160173645e-02
10.546875,-1.2750847813e-07,1.3562597096e-01
10.64453125,-1.1024587364e-07,1.6976509205e-01
10.7421875,-9.5320554276e-08,1.9507279860e-01
10.83984375,-8.2415666233e-08,2.1049858651e-01
10.9375,-7.1258097358e-08,2.1548811712e-01
11.03515625,-6.1610865135e-08,2.1000044295e-01
11.1328125,-5.3269925077e-08,1.9450016986e-01
11.23046875,-4.6058003187e-08,1.6992541253e-01
11.328125,-3.9822651167e-08,1.3763354947e-01
11.42578125,-3.4431255436e-08,9.9327815247e-02
11.5234375,-2.9769958484e-08,5.6968632838e-02
11.62109375,-2.5739523590e-08,1.2674249527e-02
11.71875,-2.2254924858e-08,-3.1384332120e-02
11.81640625,-1.9241882182e-08,-7.3088957098e-02
11.9140625,-1.6636942566e-08,-1.1047535671e-01
12.01171875,-1.4384465327e-08,-1.4182484255e-01
12.109375,-1.2437124036e-08,-1.6574241675e-01
12.20703125,-1.0753236836e-08,-1.8121779464e-01
12.3046875,-9.2974950539e-09,-1.8766672675e-01
12.40234375,-8.0386536702e-09,-1.8495100543e-01
12.5,-6.9504209012e-09,-1.7337659979e-01
12.59765625,-6.0093338021e-09,-1.5367042673e-01
12.6953125,-5.1958379612e-09,-1.2693728531e-01
12.79296875,-4.4923125921e-09,-9.4599408488e-02
12.890625,-3.8842070134e-09,-5.8321876677e-02
12.98828125,-3.3582653912e-09,-1.9927756588e-02
13.0859375,-2.9037132447e-09,1.8692749671e-02
13.18359375,-2.5105337754e-09,5.5674653878e-02
13.28125,-2.1707578848e-09,8.9267551459e-02
13.37890625,-1.8768094391e-09,1.1791776302e-01
13.4765625,-1.6228286458e-09,1.4033942835e-01
13.57421875,-1.4030638451e-09,1.5557133885e-01
13.671875,-1.2132209063e-09,1.6301704278e-01
13.76953125,-1.0489188792e-09,1.6246661091e-01
13.8671875,-9.0702103132e-10,1.5409936420e-01
13.96484375,-7.8417155494e-10,1.3846779615e-01
14.0625,-6.7810593850e-10,1.1646382353e-01
14.16015625,-5.8624164796e-10,8.9269329381e-02
14.2578125,-5.0695552639e-10,5.8293680972e-02
14.35546875,-4.3824485234e-10,2.5101482104e-02
14.453125,-3.7898228018e-10,-8.6657730240e-03
14.55078125,-3.2757858663e-10,-4.1370253222e-02
14.6484375,-2.8327317800e-10,-7.1456627894e-02
14.74609375,-2.4482145365e-10,-9.7525423364e-02
14.84375,-2.1172843876e-10,-1.1839746851e-01
14.94140625,-1.8296615075e-10,-1.3316649510e-01
15.0390625,-1.5823363260e-10,-1.4123758508e-01
15.13671875,-1.3670243268e-10,-1.4234988277e-01
15.234375,-1.1824225674e-10,-1.3658277874e-01
15.33203125,-1.0213335350e-10,-1.2434558289e-01
15.4296875,-8.8350054438e-11,-1.0635150015e-01
15.52734375,-7.6304868949e-11,-8.3577462322e-02
15.625,-6.6032487321e-11,-5.7212021697e-02
15.72265625,-5.7019677310e-11,-2.8594044885e-02
15.8203125,-4.9379239812e-11,8.5466364836e-04
15.91796875,-4.2642612287e-11,2.9699446316e-02
16.015625,-3.6951000997e-11,5.6562157099e-02
16.11328125,-3.1902247434e-11,8.0186478094e-02
16.2109375,-2.7668005428e-11,9.9496118445e-02
16.30859375,-2.3884865722e-11,1.1364322776e-01
16.40625,-2.0745947596e-11,1.2204487857e-01
16.50390625,-1.7902104832e-11,1.2440608809e-01
16.6015625,-1.5561071073e-11,1.2072852748e-01
16.69921875,-1.3402854330e-11,1.1130477242e-01
16.796875,-1.1663366266e-11,9.6698648323e-02
16.89453125,-1.0032812842e-11,7.7712882880e-02
16.9921875,-8.7493761321e-12,5.5345866843e-02
17.08984375,-7.5076722228e-12,3.0739814453e-02
17.1875,-6.5548173994e-12,5.1229853287e-03
17.28515625,-5.5978042346e-12,-2.0251135020e-02
17.3828125,-4.8923633095e-12,-4.4164707797e-02
17.48046875,-4.1613833857e-12,-6.5493532884e-02
17.578125,-3.6480100524e-12,-8.3259421277e-02
17.67578125,-3.0826825556e-12,-9.6674532171e-02
17.7734375,-2.7089214458e-12,-1.0517569218e-01
17.87109375,-2.2714160822e-12,-1.0844723467e-01
17.96875,-2.0049799012e-12,-1.0643147825e-01
18.06640625,-1.6612917174e-12,-9.9326575820e-02
18.1640625,-1.4814061623e-12,-8.7572079014e-02
18.26171875,-1.2096876463e-12,-7.1823148491e-02
18.359375,-1.0880932249e-12,-5.2914869334e-02
18.45703125,-8.7466469048e-13,-3.1818579986e-02
18.5546875,-7.9246796214e-13,-9.5924712783e-03
18.65234375,-6.2955596471e-13,1.2671054898e-02
18.75,-5.9547037689e-13,3.3898669186e-02
18.84765625,-4.5792051511e-13,5.3087461270e-02
18.9453125,-4.4624551688e-13,6.9351912506e-02
19.04296875,-3.3562542859e-13,8.1964315239e-02
19.140625,-3.4483522293e-13,9.0386816679e-02
19.23828125,-2.4706592652e-13,9.4293703599e-02
19.3359375,-2.6793527209e-13,9.3583040701e-02
19.43359375,-1.8447440086e-13,8.8377305381e-02
19.53125,-2.1465175292e-13,7.9013198590e-02
19.62890625,-1.3270281501e-13,6.6021329522e-02
19.7265625,-1.6152963562e-13,5.0096946384e-02
19.82421875,-8.6400999442e-14,3.2063294495e-02
19.921875,-1.2392853301e-13,1.2829507932e-02
20.01953125,-5.4355919488e-14,-6.6548321103e-03
20.1171875,-1.0456185369e-13,-2.5446219255e-02
20.21484375,-4.3897786786e-14,-4.2652562202e-02
20.3125,-9.7658276058e-14,-5.7475181471e-02
20.41015625,-3.7479927076e-14,-6.9245503209e-02
20.5078125,-8.7660735789e-14,-7.7454783553e-02
20.60546875,-2.6478706336e-14,-8.1775564672e-02
20.703125,-9.0259185669e-14,-8.2073986781e-02
20.80078125,-4.0663684620e-14,-7.8412537689e-02
20.8984375,-8.8006135423e-14,-7.1043290154e-02
20.99609375,-2.7090623472e-14,-6.0392134629e-02
21.09375,-7.8270513172e-14,-4.7034939097e-02
21.19140625,-2.1471133056e-14,-3.1666938859e-02
21.2890625,-7.2523501300e-14,-1.5066960371e-02
21.38671875,-1.7958486917e-14,1.9416985180e-03
21.484375,-7.7756775568e-14,1.8531783315e-02
21.58203125,-2.7537438734e-14,3.3912014040e-02
21.6796875,-7.3040345896e-14,4.7364520134e-02
21.77734375,-1.9308989995e-14,5.8278023281e-02
21.875,-6.0087175079e-14,6.6175250710e-02
21.97265625,4.3413135737e-15,7.0733368515e-02
22.0703125,-3.6927305253e-14,7.1796583927e-02
22.16796875,2.6703248232e-14,6.9380459042e-02
22.265625,-5.5224181919e-15,6.3667886570e-02
22.36328125,5.2838153119e-14,5.4997080806e-02
22.4609375,1.1509499827e-14,4.3842314994e-02
22.55859375,7.1351963806e-14,3.0788471727e-02
22.65625,2.8406360869e-14,1.6500750732e-02
22.75390625,7.5421753932e-14,1.6910859883e-03
22.8515625,2.5460681918e-14,-1.2917046959e-02
22.94921875,7.1675828013e-14,-2.6623707231e-02
23.046875,1.6241084953e-14,-3.8785760699e-02
23.14453125,5.0366809010e-14,-4.8846779414e-02
23.2421875,-2.2564641068e-14,-5.6362192335e-02
23.33984375,5.9938226727e-15,-6.1018566391e-02
23.4375,-4.9770624746e-14,-6.2646201106e-02
23.53515625,-1.4503122220e-14,-6.1224557795e-02
23.6328125,-7.4067306463e-14,-5.6880398666e-02
23.73046875,-3.0670287006e-14,-4.9878864819e-02
23.828125,-7.8709627989e-14,-4.0608057900e-02
23.92578125,-2.9050410901e-14,-2.9557992390e-02
24.0234375,-6.4154743847e-14,-1.7295040139e-02
24.12109375,-1.0758369581e-14,-4.4331844955e-03
24.21875,-3.9080948775e-14,8.3964700738e-03
24.31640625,2.4761818302e-14,2.0576430570e-02
24.4140625,-4.7751184841e-15,3.1532304995e-02
24.51171875,5.0917440726e-14,4.0759651823e-02
24.609375,1.2175040952e-14,4.7846946319e-02
24.70703125,6.6262350329e-14,5.2493631423e-02
24.8046875,3.5191142519e-14,5.4522477482e-02
24.90234375,8.6515686466e-14,5.3885764117e-02
25,4.6707497235e-14,5.0665104441e-02
25.09765625,8.5885542530e-14,4.5065041596e-02
25.1953125,5.0898415010e-14,3.7400845130e-02
25.29296875,9.4034988013e-14,2.8081205980e-02
25.390625,5.2459197792e-14,1.7586761287e-02
25.48828125,8.9007555876e-14,6.4455633579e-03
25.5859375,3.5202342055e-14,-4.7932669673e-03
25.68359375,5.9423057992e-14,-1.5586398525e-02
25.78125,-1.4205269142e-15,-2.5422355849e-02
25.87890625,2.1030624527e-14,-3.3845552342e-02
25.9765625,-4.3456991321e-14,-4.0477171560e-02
26.07421875,-1.3627377649e-14,-4.5031950830e-02
26.171875,-7.5869662494e-14,-4.7330136903e-02
26.26953125,-4.8731669983e-14,-4.7304129884e-02
26.3671875,-1.0441519480e-13,-4.4999596882e-02
26.46484375,-7.1591354536e-14,-4.0571107374e-02
26.5625,-1.1507023304e-13,-3.4272605279e-02
26.66015625,-7.5947882351e-14,-2.6443275423e-02
26.7578125,-1.0958930277e-13,-1.7489573355e-02
26.85546875,-6.6872018620e-14,-7.8643575801e-03
26.953125,-1.0053211371e-13,1.9558150395e-03
27.05078125,-4.5343680908e-14,1.1494101748e-02
27.1484375,-6.6824281512e-14,2.0296352736e-02
27.24609375,-1.1685637020e-14,2.7952557567e-02
27.34375,-2.8595363173e-14,3.4115755214e-02
27.44140625,3.0972692839e-14,3.8517545146e-02
27.5390625,1.0759552703e-14,4.0979517097e-02
27.63671875,6.9074975534e-14,4.1420126871e-02
27.734375,4.5310728481e-14,3.9856773922e-02
27.83203125,9.2615673349e-14,3.6403072321e-02
27.9296875,6.2139862637e-14,3.1261538432e-02
28.02734375,1.0977528440e-13,2.4712135185e-02
28.125,7.0255186227e-14,1.7097304028e-02
28.22265625,1.0341701204e-13,8.8042728154e-03
28.3203125,6.5109485334e-14,2.4554406730e-04
28.41796875,1.0132242438e-13,-8.1614616079e-03
28.515625,5.3119098272e-14,-1.6014610024e-02
28.61328125,6.6960455241e-14,-2.2946135363e-02
28.7109375,6.1127169052e-15,-2.8639701667e-02
28.80859375,3.0563034817e-14,-3.2844660510e-02
28.90625,-2.5584485358e-14,-3.5386871500e-02
29.00390625,-1.2135146960e-14,-3.6175630008e-02
29.1015625,-5.7256175349e-14,-3.5206442730e-02
29.19921875,-2.5759924675e-14,-3.2559596705e-02
29.296875,-7.5532735487e-14,-2.8394671139e-02
29.39453125,-4.2554717390e-14,-2.2941333941e-02
29.4921875,-8.4934915236e-14,-1.6486937405e-02
29.58984375,-4.7741971487e-14,-9.3615718074e-03
29.6875,-7.9144305832e-14,-1.9213455774e-03
29.78515625,-4.3732129995e-14,5.4692685175e-03
29.8828125,-7.0295916553e-14,1.2455152816e-02
29.98046875,-2.1650596833e-14,1.8707474884e-02
30.078125,-3.5072182604e-14,2.3939027741e-02
30.17578125,1.6621610712e-14,2.7917271501e-02
30.2734375,3.4627647731e-15,3.0474492044e-02
30.37109375,5.4088785420e-14,3.1514642375e-02
30.46875,3.1190378027e-14,3.1016600465e-02
30.56640625,8.7470249772e-14,2.9033755090e-02
30.6640625,6.8185954877e-14,2.5690009802e-02
30.76171875,1.1431710043e-13,2.1172465983e-02
30.859375,9.1262227539e-14,1.5721200989e-02
30.95703125,1.3274824266e-13,9.6166893255e-03
31.0546875,8.4425012416e-14,3.1655179581e-03
31.15234375,9.9690920769e-14,-3.3148834633e-03
31.25,4.6511081410e-14,-9.5117429582e-03
31.34765625,5.3477792246e-14,-1.5131925969e-02
31.4453125,-8.4182976298e-15,-1.9915682764e-02
31.54296875,-4.0172556237e-15,-2.3648524720e-02
31.640625,-5.4034425327e-14,-2.6170693060e-02
31.73828125,-3.9131564727e-14,-2.7383809862e-02
31.8359375,-8.1820953235e-14,-2.7254444773e-02
31.93359375,-5.0508690534e-14,-2.5814484497e-02
32.03125,-8.2833765311e-14,-2.3158348382e-02
32.12890625,-4.8688465868e-14,-1.9437244509e-02
32.2265625,-7.4026558575e-14,-1.4850799568e-02
32.32421875,-3.7186728938e-14,-9.6365159758e-03
32.421875,-6.7654227793e-14,-4.0576056667e-03
32.51953125,-2.1125631684e-14,1.6101822463e-03
32.6171875,-4.5740838790e-14,7.0920861211e-03
32.71484375,-1.1152106313e-14,1.2127550409e-02
32.8125,-2.7724247108e-14,1.6482507254e-02
32.91015625,2.0647546262e-14,1.9960147271e-02
33.0078125,8.3038535163e-16,2.2409689456e-02
33.10546875,4.6861626424e-14,2.3732765950e-02
33.203125,3.2273010768e-14,2.3887159627e-02
33.30078125,7.1090232975e-14,2.2887765024e-02
33.3984375,4.6512987649e-14,2.0804779372e-02
33.49609375,8.4193327250e-14,1.7759263827e-02
33.59375,5.7816544261e-14,1.3916338985e-02
33.69140625,8.4661702483e-14,9.4763877347e-03
33.7890625,4.4874815808e-14,4.6647273483e-03
33.88671875,6.3746824372e-14,-2.7972236211e-04
33.984375,2.1392239993e-14,-5.1162096822e-03
34.08203125,3.9973710039e-14,-9.6137849619e-03
34.1796875,-1.4361835463e-14,-1.3562240018e-02
34.27734375,9.3080719857e-16,-1.6781839205e-02
34.375,-4.5560285394e-14,-1.9131396423e-02
34.47265625,-2.9834457901e-14,-2.0514340531e-02
34.5703125,-7.4023892349e-14,-2.0882515396e-02
34.66796875,-4.8371074912e-14,-2.0237574773e-02
34.765625,-8.1755677594e-14,-1.8629950791e-02
34.86328125,-5.0454351578e-14,-1.6155492100e-02
34.9609375,-8.1506334993e-14,-1.2949978179e-02
35.05859375,-5.2080211389e-14,-9.1818146790e-03
35.15625,-8.6946273050e-14,-5.0432964921e-03
35.25390625,-6.1298567201e-14,-7.4088683785e-04
35.3515625,-8.7998894007e-14,3.5150004915e-03
35.44921875,-5.3745239519e-14,7.5202139607e-03
35.546875,-7.6639454466e-14,1.1086580255e-02
35.64453125,-3.6569657994e-14,1.4050664777e-02
35.7421875,-4.8186698559e-14,1.6281172871e-02
35.83984375,-1.6955011121e-15,1.7684661171e-02
35.9375,-2.2297170834e-14,1.8209316205e-02
36.03515625,1.3704199316e-14,1.7846655146e-02
36.1328125,-1.8167878204e-15,1.6631106468e-02
36.23046875,4.1034131528e-14,1.4637531239e-02
36.328125,2.7234359977e-14,1.1976843809e-02
36.42578125,6.2917553408e-14,8.7899792077e-03
36.5234375,3.3490352990e-14,5.2405294828e-03
36.62109375,5.9621987835e-14,1.5064291841e-03
36.71875,3.3649572321e-14,-2.2288912637e-03
36.81640625,5.6399452396e-14,-5.7854479128e-03
36.9140625,2.2482355779e-14,-8.9953087161e-03
37.01171875,5.1453954589e-14,-1.1710453868e-02
37.109375,1.0540118683e-14,-1.3809526604e-02
37.20703125,3.6303958581e-14,-1.5203170421e-02
37.3046875,1.0538352170e-14,-1.5837722599e-02
37.40234375,3.7238017521e-14,-1.5697117472e-02
37.5,8.3963892876e-15,-1.4802941986e-02
37.59765625,3.1504417921e-14,-1.3212676159e-02
37.6953125,2.9682216321e-16,-1.1016237901e-02
37.79296875,2.5579875403e-14,-8.3310310724e-03
37.890625,-5.1863451462e-15,-5.2957639454e-03
37.98828125,2.0698407181e-14,-2.0633593875e-03
38.0859375,-1.1335004226e-14,1.2066843054e-03
38.18359375,1.5111392018e-14,4.3561033860e-03
38.28125,-1.7586375751e-14,7.2354699105e-03
38.37890625,4.6114944469e-15,9.7112220446e-03
38.4765625,-1.4350061643e-14,1.1671795626e-02
38.57421875,1.7693467379e-14,1.3032578747e-02
38.671875,-1.0470938887e-14,1.3739473156e-02
38.76953125,1.6421691880e-14,1.3770917503e-02
38.8671875,-7.8823031168e-15,1.3138304363e-02
38.96484375,2.6702623236e-14,1.1884801632e-02
39.0625,8.9520239150e-15,1.0082665569e-02
39.16015625,3.5662142413e-14,7.8292037601e-03
39.2578125,1.9233030298e-14,5.2416083123e-03
39.35546875,4.0455996231e-14,2.4509297726e-03
39.453125,1.0901787524e-15,-4.0450146359e-04
39.55078125,1.3422528809e-14,-3.1858787618e-03
39.6484375,-2.3968928091e-14,-5.7606157893e-03
39.74609375,-5.2255234415e-15,-8.0086154050e-03
39.84375,-3.3547876947e-14,-9.8278170496e-03
39.94140625,-2.3464133345e-14,-1.1138769159e-02
40.0390625,-5.2112986879e-14,-1.1888024943e-02
40.13671875,-3.3174714634e-14,-1.2050220413e-02
40.234375,-6.5164597356e-14,-1.1628759720e-02
40.33203125,-3.8301421118e-14,-1.0655101410e-02
40.4296875,-5.3985104818e-14,-9.1867067010e-03
40.52734375,-1.8242453464e-14,-7.3037742139e-03
40.625,-3.5953861771e-14,-5.1049416578e-03
40.72265625,-6.3319571499e-15,-2.7021812895e-03
40.8203125,-1.9572517790e-14,-2.1515048746e-04
40.91796875,1.6709749640e-14,2.2347199720e-03
41.015625,6.7992197872e-15,4.5301101070e-03
41.11328125,4.8516657549e-14,6.5633844285e-03
41.2109375,3.5715244254e-14,8.2415925474e-03
41.30859375,7.2718913710e-14,9.4906667233e-03
41.40625,5.2690509248e-14,1.0258629469e-02
41.50390625,7.9057545320e-14,1.0517675593e-02
41.6015625,5.2344425552e-14,1.0265049882e-02
41.69921875,8.2075423858e-14,9.5227011481e-03
41.796875,5.7417213410e-14,8.3357526974e-03
41.89453125,7.5383107538e-14,6.7698855199e-03
41.9921875,4.7740197783e-14,4.9077810593e-03
42.08984375,5.7402989852e-14,2.8448129078e-03
42.1875,9.4939042082e-15,6.8420934739e-04
42.28515625,5.5651253516e-15,-1.4680700910e-03
42.3828125,-3.9236581838e-14,-3.5084917492e-03
42.48046875,-3.5320790465e-14,-5.3408895392e-03
42.578125,-8.1449152576e-14,-6.8809572518e-03
42.67578125,-7.9999219614e-14,-8.0600836330e-03
42.7734375,-1.2461452710e-13,-8.8283580214e-03
42.87109375,-1.1130049962e-13,-9.1566175898e-03
42.96875,-1.3020523709e-13,-9.0374558743e-03
43.06640625,-1.0137995788e-13,-8.4851638512e-03
43.1640625,-1.1660991918e-13,-7.5346267973e-03
43.26171875,-7.5459229323e-14,-6.2392500374e-03
43.359375,-8.1299881224e-14,-4.6680320690e-03
43.45703125,-4.2598232757e-14,-2.9019423681e-03
43.5546875,-4.9515071631e-14,-1.0297916746e-03
43.65234375,-1.3826958143e-15,8.5619658216e-04
43.75,3.0340245060e-15,2.6648946481e-03
43.84765625,5.6849504788e-14,4.3106398680e-03
43.9453125,6.8884361460e-14,5.7172573141e-03
44.04296875,1.1529216494e-13,6.8215484437e-03
44.140625,1.1650455106e-13,7.5760879124e-03
44.23828125,1.5737844011e-13,7.9512070193e-03
44.3359375,1.4528159803e-13,7.9360837682e-03
44.43359375,1.6188735766e-13,7.5389041000e-03
44.53125,1.3720668263e-13,6.7861042776e-03
44.62890625,1.5360498959e-13,5.7207484829e-03
44.7265625,1.0253949260e-13,4.4001363151e-03
44.82421875,9.0549795938e-14,2.8927701740e-03
44.921875,2.7299501573e-14,1.2748408647e-03
45.01953125,1.6411456641e-14,-3.7359005191e-04
45.1171875,-4.3605292511e-14,-1.9725214410e-03
45.21484375,-5.4492928888e-14,-3.4458657413e-03
45.3125,-1.1369811277e-13,-4.7250399329e-03
45.41015625,-1.2136875275e-13,-5.7521263286e-03
45.5078125,-1.6581071615e-13,-6.4824591289e-03
45.60546875,-1.6257972585e-13,-6.8865230981e-03
45.703125,-1.8526315085e-13,-6.9510860332e-03
45.80078125,-1.5885916074e-13,-6.6795251057e-03
45.8984375,-1.7872627533e-13,-6.0913467588e-03
45.99609375,-1.4455172308e-13,-5.2209387028e-03
46.09375,-1.4677698630e-13,-4.1156288066e-03
46.19140625,-1.0360061255e-13,-2.8331576515e-03
46.2890625,-9.8110208197e-14,-1.4386977181e-03
46.38671875,-4.9401901099e-14,-1.5714807682e-06
46.484375,-4.0890765101e-14,1.4081677218e-03
46.58203125,1.3729638646e-14,2.7231246897e-03
46.6796875,2.7916943528e-14,3.8817585382e-03
46.77734375,7.8761600052e-14,4.8312357479e-03
46.875,8.8005696932e-14,5.5298091897e-03
46.97265625,1.2764453299e-13,5.9486175669e-03
47.0703125,1.1651929048e-13,6.0728296557e-03
47.16796875,1.4691694860e-13,5.9020907381e-03
47.265625,1.2759969807e-13,5.4502630528e-03
47.36328125,1.4688849409e-13,4.7444862602e-03
47.4609375,1.1378078052e-13,3.8236161803e-03
47.55859375,1.2446584301e-13,2.7361289039e-03
47.65625,8.2224356273e-14,1.5376014677e-03
47.75390625,7.8502067391e-14,2.8789856348e-04
47.8515625,3.7755711712e-14,-9.5179356382e-04
47.94921875,3.4951633220e-14,-2.1219402073e-03
48.046875,-6.1342310896e-15,-3.1674949069e-03
48.14453125,-1.7125450161e-14,-4.0404657149e-03
48.2421875,-7.0468762666e-14,-4.7020925485e-03
48.33984375,-8.5318645687e-14,-5.1245381610e-03
48.4375,-1.3140935035e-13,-5.2920205571e-03
48.53515625,-1.3072992236e-13,-5.2013429700e-03
48.6328125,-1.6324416501e-13,-4.8618073783e-03
48.73046875,-1.5014964745e-13,-4.2945275095e-03
48.828125,-1.7566669765e-13,-3.5311859047e-03
48.92578125,-1.5761870617e-13,-2.6123055491e-03
49.0234375,-1.6757725483e-13,-1.5851286156e-03
49.12109375,-1.2517329837e-13,-5.0121202623e-04
49.21875,-1.2147025510e-13,5.8613891444e-04
49.31640625,-7.2826602314e-14,1.6244720785e-03
49.4140625,-5.9797845419e-14,2.5646992545e-03
49.51171875,-7.7877632741e-16,3.3633968413e-03
49.609375,1.4800799052e-14,3.9847896670e-03
49.70703125,6.4455722517e-14,4.4023284107e-03
49.8046875,7.7922936170e-14,4.5997923973e-03
49.90234375,1.3222766020e-13,4.5718737033e-03
50,1.3836424240e-13,4.3242243459e-03
50.09765625,1.8555504698e-13,3.8729745402e-03
50.1953125,1.8609190800e-13,3.2437553434e-03
50.29296875,2.1903704708e-13,2.4702822428e-03
50.390625,2.0938889026e-13,1.5925763188e-03
50.48828125,2.2839100874e-13,6.5491560843e-04
50.5859375,2.0035657829e-13,-2.9637947422e-04
50.68359375,2.0311098510e-13,-1.2152167964e-03
50.78125,1.5698963477e-13,-2.0579487756e-03
50.87890625,1.4330984327e-13,-2.7854285226e-03
50.9765625,7.9571391306e-14,-3.3648098587e-03
51.07421875,5.2649557292e-14,-3.7710093782e-03
51.171875,-7.6844970735e-15,-3.9877665770e-03
51.26953125,-3.3063163861e-14,-4.0082586514e-03
51.3671875,-9.8861532057e-14,-3.8352488581e-03
51.46484375,-1.2095464615e-13,-3.4807702012e-03
51.5625,-1.7606901679e-13,-2.9653685648e-03
51.66015625,-1.8027135864e-13,-2.3169501748e-03
51.7578125,-2.1196912678e-13,-1.5692964771e-03
51.85546875,-2.0085722611e-13,-7.6032434029e-04
51.953125,-2.1397952052e-13,6.9819733661e-05
52.05078125,-1.8344331824e-13,8.8073639802e-04
52.1484375,-1.7829467039e-13,1.6337246569e-03
52.24609375,-1.2706037243e-13,2.2936139510e-03
52.34375,-9.6039397779e-14,2.8303911432e-03
52.44140625,-3.3067145308e-14,3.2205479390e-03
52.5390625,-9.4049017924e-15,3.4480891670e-03
52.63671875,4.3004520014e-14,3.5051598240e-03
52.734375,6.4733471235e-14,3.3922679594e-03
52.83203125,1.1695939972e-13,3.1181003853e-03
52.9296875,1.3257473075e-13,2.6989478698e-03
53.02734375,1.6846245892e-13,2.1577749712e-03
53.125,1.7828997302e-13,1.5229861172e-03
53.22265625,2.0806736919e-13,8.2695317968e-04
53.3203125,1.9114765894e-13,1.0438004415e-04
53.41796875,2.0090279653e-13,-6.0941392110e-04
53.515625,1.6889756372e-13,-1.2802072465e-03
53.61328125,1.5410594388e-13,-1.8765041063e-03
53.7109375,1.0153987095e-13,-2.3709996416e-03
53.80859375,8.5692775474e-14,-2.7418153697e-03
53.90625,2.1503706188e-14,-2.9734495522e-03
54.00390625,-7.7088078556e-15,-3.0574021828e-03
54.1015625,-7.8380194966e-14,-2.9924507023e-03
54.19921875,-1.1495685252e-13,-2.7845698307e-03
54.296875,-1.7758817029e-13,-2.4465061802e-03
54.39453125,-1.9089525413e-13,-1.9970347403e-03
54.4921875,-2.3635622510e-13,-1.4599391356e-03
54.58984375,-2.3659904344e-13,-8.6277006301e-04
54.6875,-2.5340864986e-13,-2.3544596537e-04
54.78515625,-2.2164134690e-13,3.9123362894e-04
54.8828125,-2.1851111859e-13,9.8708880569e-04
54.98046875,-1.7328851461e-13,1.5240014351e-03
55.078125,-1.5192769857e-13,1.9772304502e-03
55.17578125,-9.3344694637e-14,2.3265392906e-03
55.2734375,-6.4151010557e-14,2.5570847821e-03
55.37109375,6.8362966900e-15,2.6600291884e-03
55.46875,3.9034210662e-14,2.6328512353e-03
55.56640625,1.0396745983e-13,2.4793468763e-03
55.6640625,1.2354238459e-13,2.2093256924e-03
55.76171875,1.7939841595e-13,1.8380233670e-03
55.859375,1.8258364631e-13,1.3852639704e-03
55.95703125,2.2717756450e-13,8.7441719161e-04
56.0546875,2.2629781323e-13,3.3120467650e-04
56.15234375,2.5774979331e-13,-2.1758413699e-04
56.25,2.3969173343e-13,-7.4540308791e-04
56.34765625,2.3863859447e-13,-1.2272235869e-03
56.4453125,1.8880084147e-13,-1.6407114459e-03
56.54296875,1.6552715103e-13,-1.9672514086e-03
56.640625,1.0182422268e-13,-2.1927729305e-03
56.73828125,6.0325542290e-14,-2.3083412244e-03
56.8359375,-1.6752451266e-14,-2.3104895798e-03
56.93359375,-5.6938853063e-14,-2.2012818898e-03
57.03125,-1.2036390553e-13,-1.9881075301e-03
57.12890625,-1.4356203743e-13,-1.6832235854e-03
57.2265625,-1.9586562247e-13,-1.3030713071e-03
57.32421875,-2.0327014861e-13,-8.6740404805e-04
57.421875,-2.4002036185e-13,-3.9827229046e-04
57.51953125,-2.2421089865e-13,8.1082600840e-05
57.6171875,-2.3855618012e-13,5.4737086048e-04
57.71484375,-2.0684945369e-13,9.7837730404e-04
57.8125,-1.9401670755e-13,1.3540110786e-03
57.91015625,-1.4313364222e-13,1.6572330071e-03
58.0078125,-1.2134654231e-13,1.8748181871e-03
58.10546875,-6.4621841384e-14,1.9979202532e-03
58.203125,-3.4008150002e-14,2.0224139058e-03
58.30078125,2.6069536355e-14,1.9490034437e-03
58.3984375,5.0902049114e-14,1.7830965407e-03
58.49609375,1.0558138394e-13,1.5344538352e-03
58.59375,1.2832487598e-13,1.2166354984e-03
58.69140625,1.6486216494e-13,8.4627532387e-04
58.7890625,1.6501735605e-13,4.4222060766e-04
58.88671875,1.9819976202e-13,2.4581822538e-05
58.984375,1.9780461076e-13,-3.8626040493e-04
59.08203125,2.0548950501e-13,-7.7064235674e-04
59.1796875,1.7902275950e-13,-1.1105508842e-03
59.27734375,1.8019531995e-13,-1.3904597055e-03
59.375,1.4889609328e-13,-1.5980299101e-03
59.47265625,1.2848954881e-13,-1.7246435141e-03
59.5703125,6.7938643320e-14,-1.7657475544e-03
59.66796875,3.5369829216e-14,-1.7209957603e-03
59.765625,-3.1272217939e-14,-1.5941848492e-03
59.86328125,-7.1902131947e-14,-1.3929924370e-03
59.9609375,-1.3943561837e-13,-1.1285329838e-03
60.05859375,-1.6173210124e-13,-8.1475664342e-04
60.15625,-2.0935295945e-13,-4.6772298334e-04
60.25390625,-2.1488392867e-13,-1.0478695527e-04
60.3515625,-2.3993844344e-13,2.5626198747e-04
60.44921875,-2.1533501398e-13,5.9806525507e-04
60.546875,-2.1261181763e-13,9.0452319151e-04
60.64453125,-1.8033504671e-13,1.1615466677e-03
60.7421875,-1.7339601433e-13,1.3576974488e-03
60.83984375,-1.2171327585e-13,1.4846886095e-03
60.9375,-9.6334521309e-14,1.5377235622e-03
61.03515625,-4.1892502564e-14,1.5156604489e-03
61.1328125,-9.2452499096e-15,1.4209973141e-03
61.23046875,5.7305478867e-14,1.2596821967e-03
61.328125,7.9717890079e-14,1.0407606372e-03
61.42578125,1.2567530895e-13,7.7588068941e-04
61.5234375,1.3207317626e-13,4.7868200641e-04
61.62109375,1.6942013501e-13,1.6410064968e-04
61.71875,1.7113181639e-13,-1.5237527563e-04
61.81640625,1.9716379973e-13,-4.5546235742e-04
61.9140625,1.7544866395e-13,-7.3081429075e-04
62.01171875,1.7890663635e-13,-9.6569514791e-04
62.109375,1.5082355030e-13,-1.1495621977e-03
62.20703125,1.4306291517e-13,-1.2745319231e-03
62.3046875,9.4288710561e-14,-1.3357090184e-03
62.40234375,6.5743995334e-14,-1.3313651319e-03
62.5,1.5046755662e-14,-1.2629616162e-03
62.59765625,-9.9682878439e-15,-1.1350181692e-03
62.6953125,-6.0757440889e-14,-9.5483664027e-04
62.79296875,-7.2532987641e-14,-7.3209607558e-04
62.890625,-1.1578436503e-13,-4.7834097306e-04
62.98828125,-1.2665765429e-13,-2.0638944260e-04
63.0859375,-1.5509934981e-13,7.0308684150e-05
63.18359375,-1.4984532138e-13,3.3833191293e-04
63.28125,-1.6617592935e-13,5.8493316743e-04
63.37890625,-1.4570611105e-13,7.9864103143e-04
63.4765625,-1.4659618025e-13,9.6978804251e-04
63.57421875,-1.1972864082e-13,1.0909419794e-03
63.671875,-1.1177802081e-13,1.1572212181e-03
63.76953125,-6.5992879244e-14,1.1664811782e-03
63.8671875,-4.7635517997e-14,1.1193653417e-03
63.96484375,6.5190500593e-15,1.0192209725e-03
64.0625,2.3486432015e-14,8.7188618388e-04
64.16015625,6.0770070124e-14,6.8536107027e-04
64.2578125,7.1323511395e-14,4.6938096373e-04
64.35546875,1.1240920038e-13,2.3491424465e-04
64.453125,1.1599468797e-13,-6.3896569267e-06
64.55078125,1.4020744608e-13,-2.4277452314e-04
64.6484375,1.3588496016e-13,-4.6294578118e-04
64.74609375,1.4706667308e-13,-6.5660583253e-04
64.84375,1.2539239257e-13,-8.1493112000e-04
64.94140625,1.2361990281e-13,-9.3096906173e-04
65.0390625,9.2310560713e-14,-9.9993726000e-04
65.13671875,7.6028090753e-14,-1.0194124369e-03
65.234375,2.8341557442e-14,-9.8940210176e-04
65.33203125,8.4012085302e-15,-9.1229773817e-04
65.4296875,-3.6931823351e-14,-7.9271403039e-04
65.52734375,-5.5231908638e-14,-6.3722405240e-04
65.625,-9.3276539475e-14,-4.5400516589e-04
65.72265625,-1.0076272435e-13,-2.5241439339e-04
65.8203125,-1.2515203678e-13,-4.2515072046e-05
65.91796875,-1.2612980467e-13,1.6542147614e-04
66.015625,-1.4902048237e-13,3.6141477155e-04
66.11328125,-1.4276236356e-13,5.3625045958e-04
66.2109375,-1.4852999301e-13,6.8190960051e-04
66.30859375,-1.1843354632e-13,7.9193216296e-04
66.40625,-1.1672562981e-13,8.6169846597e-04
66.50390625,-8.1772685452e-14,8.8861657830e-04
66.6015625,-6.4909087170e-14,8.7220844347e-04
66.69921875,-2.4817712002e-14,8.1409251657e-04
66.796875,-7.4183930225e-15,7.1786572690e-04
66.89453125,4.2098828414e-14,5.8889237713e-04
66.9921875,5.5844652819e-14,4.3401192781e-04
67.08984375,1.0074665284e-13,2.6118129566e-04
67.1875,1.1702311607e-13,7.9070150454e-05
67.28515625,1.5147465196e-13,-1.0337039351e-04
67.3828125,1.5536808483e-13,-2.7734440335e-04
67.48046875,1.8007709245e-13,-4.3463193345e-04
67.578125,1.6933138636e-13,-5.6797403997e-04
67.67578125,1.7842314074e-13,-6.7140413872e-04
67.7734375,1.4773201997e-13,-7.4051076749e-04
67.87109375,1.3946172379e-13,-7.7262040433e-04
67.96875,9.9665119166e-14,-7.6689306157e-04
68.06640625,7.1386596399e-14,-7.2432771699e-04
68.1640625,1.6918395825e-14,-6.4767904321e-04
68.26171875,-4.9057827790e-15,-5.4129114244e-04
68.359375,-5.5597523165e-14,-4.1085788267e-04
68.45703125,-7.3549596385e-14,-2.6312278465e-04
68.5546875,-1.0675484498e-13,-1.0553407354e-04
68.65234375,-1.0963236731e-13,5.4127628934e-05
68.75,-1.4113923576e-13,2.0813051196e-04
68.84765625,-1.3469915378e-13,3.4916314682e-04
68.9453125,-1.4088023918e-13,4.7067870432e-04
69.04296875,-1.1608066659e-13,5.6719575747e-04
69.140625,-1.1583228956e-13,6.3454200692e-04
69.23828125,-8.9875960019e-14,6.7003027762e-04
69.3359375,-8.0405356894e-14,6.7255960186e-04
69.43359375,-4.2045243247e-14,6.4263795018e-04
69.53125,-3.0484803458e-14,5.8232701234e-04
69.62890625,1.2205822222e-14,4.9511317823e-04
69.7265625,2.1535887877e-14,3.8571234499e-04
69.82421875,4.8593888014e-14,2.5981921877e-04
69.921875,4.6199290272e-14,1.2381425009e-04
70.01953125,7.3681931393e-14,-1.5556868334e-05
70.1171875,7.8439557818e-14,-1.5151517581e-04
70.21484375,1.0118348316e-13,-2.7757567688e-04
70.3125,8.8593593431e-14,-3.8785415847e-04
70.41015625,9.4015985195e-14,-4.7733919949e-04
70.5078125,7.0576580803e-14,-5.4211693293e-04
70.60546875,7.7981912496e-14,-5.7953863483e-04
70.703125,5.6866163602e-14,-5.8832415856e-04
70.80078125,6.3392400473e-14,-5.6859745697e-04
70.8984375,3.6114071321e-14,-5.2185377902e-04
70.99609375,3.5289710417e-14,-4.5086142673e-04
71.09375,9.8553337569e-15,-3.5950405630e-04
71.19140625,8.6761717868e-15,-2.5257225703e-04
71.2890625,-2.3350133720e-14,-1.3551541889e-04
71.38671875,-2.1491271201e-14,-1.4166601913e-05
71.484375,-4.4573550477e-14,1.0554582131e-04
71.58203125,-4.4477220318e-14,2.1788560466e-04
71.6796875,-7.2865314266e-14,3.1758131852e-04
71.77734375,-7.1314093481e-14,4.0007143478e-04
71.875,-8.3999057821e-14,4.6171052676e-04
71.97265625,-7.6013197657e-14,4.9992739268e-04
72.0703125,-8.0835077495e-14,5.1332840340e-04
72.16796875,-5.9291408718e-14,5.0174214199e-04
72.265625,-6.3361199477e-14,4.6620430645e-04
72.36328125,-3.8697498315e-14,4.0888474436e-04
72.4609375,-2.9913027136e-14,3.3296124079e-04
72.55859375,-9.5767265906e-15,2.4244715744e-04
72.65625,-5.7548443349e-15,1.4198210913e-04
72.75390625,2.0020657205e-14,3.6596468536e-05
72.8515625,1.8077666273e-14,-6.8538454704e-05
72.94921875,4.9955828903e-14,-1.6836225113e-04
73.046875,5.4760502689e-14,-2.5816709309e-04
73.14453125,8.4564529349e-14,-3.3381781127e-04
73.2421875,7.9061404612e-14,-3.9194017607e-04
73.33984375,1.0296921371e-13,-4.3006892040e-04
73.4375,9.1279544088e-14,-4.4674914176e-04
73.53515625,1.1349178753e-13,-4.4158708908e-04
73.6328125,9.6266635330e-14,-4.1524885491e-04
73.73046875,9.8403138365e-14,-3.6940803123e-04
73.828125,7.4301293398e-14,-3.0664582618e-04
73.92578125,7.7261737876e-14,-2.3030936229e-04
74.0234375,5.4261940678e-14,-1.4433578226e-04
74.12109375,5.0413847432e-14,-5.3051289937e-05
74.21875,9.5785841388e-15,3.9044712735e-05
74.31640625,1.1989825518e-15,1.2749970805e-04
74.4140625,-3.5820464518e-14,2.0812168042e-04
74.51171875,-4.3280786605e-14,2.7717610170e-04
74.609375,-7.0442451389e-14,3.3155711124e-04
74.70703125,-7.4597702635e-14,3.6892513685e-04
74.8046875,-9.5922271247e-14,3.8780496757e-04
74.90234375,-9.3480890090e-14,3.8764030901e-04
75,-1.1650327763e-13,3.6880302452e-04
75.09765625,-1.1304882451e-13,3.3255748294e-04
75.1953125,-1.3407599852e-13,2.8098258837e-04
75.29296875,-1.2577234144e-13,2.1685605716e-04
75.390625,-1.4046591197e-13,1.4350723889e-04
75.48828125,-1.0917820827e-13,6.4646173249e-05
75.5859375,-1.0408055215e-13,-1.5822427471e-05
75.68359375,-6.7925519588e-14,-9.3991020035e-05
75.78125,-5.3661044808e-14,-1.6613754238e-04
75.87890625,-7.3191157729e-15,-2.2890119100e-04
75.9765625,7.7521919968e-15,-2.7943743467e-04
76.07421875,4.5277903736e-14,-3.1554519275e-04
76.171875,5.4581974986e-14,-3.3576058314e-04
76.26953125,9.5157524128e-14,-3.3941336179e-04
76.3671875,1.0564577548e-13,-3.2664404780e-04
76.46484375,1.3503412086e-13,-2.9838166019e-04
76.5625,1.3188163163e-13,-2.5628389171e-04
76.66015625,1.4032665142e-13,-2.0264331977e-04
76.7578125,1.1177060433e-13,-1.4026482212e-04
76.85546875,1.0862219258e-13,-7.2320653358e-05
76.953125,8.1946102859e-14,-2.1905913663e-06
77.05078125,7.5377093516e-14,6.6704859616e-05
77.1484375,5.0714956738e-14,1.3107004064e-04
77.24609375,4.3231125273e-14,1.8789053091e-04
77.34375,1.2714132083e-14,2.3457300248e-04
77.44140625,7.6535228893e-15,2.6906211506e-04
77.5390625,-2.2470518347e-14,2.8992925766e-04
77.63671875,-2.0911935422e-14,2.9642939992e-04
77.734375,-4.2860168533e-14,2.8852392338e-04
77.83203125,-4.5403887469e-14,2.6686898283e-04
77.9296875,-7.3516945925e-14,2.3277061732e-04
78.02734375,-6.7638844534e-14,1.8810940867e-04
78.125,-7.9680703737e-14,1.3523889947e-04
78.22265625,-7.7376461946e-14,7.6863165760e-05
78.3203125,-8.6377366294e-14,1.5899841327e-05
78.41796875,-6.2485845106e-14,-4.4664529328e-05
78.515625,-6.2172884744e-14,-1.0191969388e-04
78.61328125,-3.9548901035e-14,-1.5317044467e-04
78.7109375,-3.2821720125e-14,-1.9606235933e-04
78.80859375,-1.0491774341e-15,-2.2868872009e-04
78.90625,6.3309892636e-15,-2.4967382045e-04
79.00390625,3.6328248743e-14,-2.5822909673e-04
79.1015625,4.0814763234e-14,-2.5417989957e-04
79.19921875,7.1982235861e-14,-2.3796217659e-04
79.296875,6.8898415540e-14,-2.1058980112e-04
79.39453125,8.7967026035e-14,-1.7359468183e-04
79.4921875,7.8188238414e-14,-1.2894305885e-04
79.58984375,9.1208920378e-14,-7.8932474285e-05
79.6875,7.0842925246e-14,-2.6074749941e-05
79.78515625,7.1438391972e-14,2.7029122224e-05
79.8828125,4.9057172682e-14,7.7815994940e-05
79.98046875,3.6822362832e-14,1.2388332999e-04
80.078125,8.0665429963e-15,1.6310187878e-04
80.17578125,2.0413897524e-15,1.9371304304e-04
80.2734375,-2.4823446222e-14,2.1440651785e-04
80.37109375,-3.7091416217e-14,2.2437485291e-04
80.46875,-7.4485891596e-14,2.2334274475e-04
80.56640625,-8.7392375927e-14,2.1157013119e-04
80.6640625,-1.1150264696e-13,1.8982943990e-04
80.76171875,-1.0721200946e-13,1.5935858089e-04
80.859375,-1.2850964208e-13,1.2179241118e-04
80.95703125,-1.1714448632e-13,7.9076385105e-05
81.0546875,-1.1059053357e-13,3.3366890622e-05
81.15234375,-9.0046424622e-14,-1.3076672151e-05
81.25,-8.5772573179e-14,-5.8002713068e-05
81.34765625,-6.4662497900e-14,-9.9275780031e-05
81.4453125,-5.8762914685e-14,-1.3497722167e-04
81.54296875,-2.6485006624e-14,-1.6349348136e-04
81.640625,7.9424106502e-16,-1.8358800513e-04
81.73828125,5.8379532798e-14,-1.9445361210e-04
81.8359375,9.0100322300e-14,-1.9574317788e-04
81.93359375,1.3043513338e-13,-1.8757756688e-04
82.03125,1.5086503424e-13,-1.7053086629e-04
82.12890625,1.8345784803e-13,-1.4559406676e-04
82.2265625,1.7429765755e-13,-1.1411935160e-04
82.32421875,1.8324023052e-13,-7.7748048908e-05
82.421875,1.6043039094e-13,-3.8326030110e-05
82.51953125,1.5866572571e-13,2.1891293204e-06
82.6171875,1.2163171747e-13,4.1824596738e-05
82.71484375,9.7979333731e-14,7.8687621208e-05
82.8125,5.4551236109e-14,1.1105519232e-04
82.91015625,3.2616989762e-14,1.3745380790e-04
83.0078125,-1.9208373021e-14,1.5672569655e-04
83.10546875,-4.4780284149e-14,1.6807856346e-04
83.203125,-8.6663437082e-14,1.7111677755e-04
83.30078125,-1.0821915191e-13,1.6585285220e-04
83.3984375,-1.4852444999e-13,1.5269904293e-04
83.49609375,-1.6342523858e-13,1.3243984689e-04
83.59375,-1.8798956050e-13,1.0618709390e-04
83.69140625,-1.7746715823e-13,7.5320125432e-05
83.7890625,-1.8737975250e-13,4.1414228589e-05
83.88671875,-1.7768223491e-13,6.1609973253e-06
83.984375,-1.7917480902e-13,-2.8715387889e-05
84.08203125,-1.5137712255e-13,-6.1541850514e-05
84.1796875,-1.3072091144e-13,-9.0776047014e-05
84.27734375,-8.3867268595e-14,-1.1507817579e-04
84.375,-5.3809431397e-14,-1.3337165582e-04
84.47265625,4.0492442839e-15,-1.4488996423e-04
84.5703125,4.7543130086e-14,-1.4920764090e-04
84.66796875,1.0918354350e-13,-1.4625426877e-04
84.765625,1.3603319602e-13,-1.3631108169e-04
84.86328125,1.7572836241e-13,-1.1999069529e-04
84.9609375,1.8165706558e-13,-9.8201259734e-05
85.05859375,1.9839395909e-13,-7.2097059289e-05
85.15625,1.8342759252e-13,-4.3018197606e-05
85.25390625,1.8086571440e-13,-1.2422483160e-05
85.3515625,1.5055815339e-13,1.8187054469e-05
85.44921875,1.3444183056e-13,4.7335441848e-05
85.546875,8.9691854772e-14,7.3646286973e-05
85.64453125,6.3328191089e-14,9.5906207368e-05
85.7421875,2.3760437195e-14,1.1312017352e-04
85.83984375,-3.3603210724e-15,1.2455527490e-04
85.9375,-6.0066095640e-14,1.2977102122e-04
86.03515625,-8.9761995764e-14,1.2863497643e-04
86.1328125,-1.3273921139e-13,1.2132325249e-04
86.23046875,-1.5448677909e-13,1.0830612840e-04
86.328125,-1.8678595475e-13,9.0319771708e-05
86.42578125,-1.8603997158e-13,6.8325690334e-05
86.5234375,-1.9643866510e-13,4.3460102835e-05
86.62109375,-1.6917888749e-13,1.6975858911e-05
86.71875,-1.7002439626e-13,-9.8201492690e-06
86.81640625,-1.4793468224e-13,-3.5630983364e-05
86.9140625,-1.3945308794e-13,-5.9231952672e-05
87.01171875,-8.6652826678e-14,-7.9528236787e-05
87.109375,-5.8412708978e-14,-9.5605150199e-05
87.20703125,-1.0826589538e-14,-1.0676876782e-04
87.3046875,2.6243401317e-14,-1.1257513837e-04
87.40234375,7.2207086832e-14,-1.1284689620e-04
87.5,9.6916227041e-14,-1.0767671215e-04
87.59765625,1.3264992367e-13,-9.7417668574e-05
87.6953125,1.4913730278e-13,-8.2661272157e-05
87.79296875,1.7226864542e-13,-6.4204400111e-05
87.890625,1.8696873706e-13,-4.3006983602e-05
87.98828125,2.0415091525e-13,-2.0142644222e-05
88.0859375,1.9138130610e-13,3.2552036236e-06
88.18359375,1.9550359063e-13,2.6049101076e-05
88.28125,1.6685099465e-13,4.7152422712e-05
88.37890625,1.5365703892e-13,6.5580756688e-05
88.4765625,1.2194474500e-13,8.0497378584e-05
88.57421875,1.0171410177e-13,9.1250740958e-05
88.671875,6.0582028252e-14,9.7402325028e-05
88.76953125,3.9504782041e-14,9.8743696804e-05
88.8671875,-6.9362519272e-16,9.5302152237e-05
88.96484375,-2.1807085699e-14,8.7334897475e-05
89.0625,-5.7217230835e-14,7.5312263693e-05
89.16015625,-7.4057213147e-14,5.9890974724e-05
89.2578125,-1.0450477902e-13,4.1878945484e-05
89.35546875,-1.1063639881e-13,2.2193468985e-05
89.453125,-1.2335692216e-13,1.8149327464e-06
89.55078125,-1.2177696696e-13,-1.8261620118e-05
89.6484375,-1.2911957011e-13,-3.7074710241e-05
89.74609375,-1.1475118702e-13,-5.3742102864e-05
89.84375,-1.1712954842e-13,-6.7501797907e-05
89.94140625,-9.7152867322e-14,-7.7746444054e-05
90.0390625,-9.4506530869e-14,-8.4049644532e-05
90.13671875,-5.6980955986e-14,-8.6183042141e-05
90.234375,-3.8591945120e-14,-8.4123536639e-05
90.33203125,-1.2462985571e-14,-7.8050475312e-05
90.4296875,-3.5982782697e-15,-6.8333143692e-05
90.52734375,3.1235814210e-14,-5.5509344463e-05
90.625,4.2490951129e-14,-4.0256266873e-05
90.72265625,7.6499905193e-14,-2.3355197441e-05
90.8203125,9.1192455730e-14,-5.6518898099e-06
90.91796875,1.1684807908e-13,1.1985413984e-05
91.015625,1.1288234181e-13,2.8708243505e-05
91.11328125,1.1975713498e-13,4.3728399783e-05
91.2109375,1.0511400789e-13,5.6354777482e-05
91.30859375,1.0339951177e-13,6.6024805632e-05
91.40625,7.8490116962e-14,7.2329095003e-05
91.50390625,6.1204144451e-14,7.5028234470e-05
91.6015625,2.7716188967e-14,7.4061077198e-05
91.69921875,5.2421347109e-15,6.9544280034e-05
91.796875,-3.7309183586e-14,6.1763285470e-05
91.89453125,-5.3826042942e-14,5.1155344156e-05
91.9921875,-8.0918318999e-14,3.8285548022e-05
92.08984375,-8.3334746456e-14,2.3817162243e-05
92.1875,-1.0297915449e-13,8.4777943436e-06
92.28515625,-1.0770803535e-13,-6.9768900988e-06
92.3828125,-1.1734245886e-13,-2.1800110155e-05
92.48046875,-1.0178712529e-13,-3.5289778251e-05
92.578125,-1.0331865155e-13,-4.6821471340e-05
92.67578125,-8.6105922038e-14,-5.5877030292e-05
92.7734375,-6.9396073398e-14,-6.2067493161e-05
92.87109375,-3.0453250143e-14,-6.5149365744e-05
92.96875,-1.2378432481e-14,-6.5033572850e-05
93.06640625,2.2158407061e-14,-6.1786798910e-05
93.1640625,3.6137383378e-14,-5.5625298754e-05
93.26171875,6.2048314682e-14,-4.6901620662e-05
93.359375,6.2201824324e-14,-3.6085016749e-05
93.45703125,8.3599378522e-14,-2.3736605151e-05
93.5546875,7.7855353862e-14,-1.0480580898e-05
93.65234375,9.7824922404e-14,3.0270619711e-06
93.75,8.1817485480e-14,1.6130742624e-05
93.84765625,7.4295810772e-14,2.8206870172e-05
93.9453125,5.1033748388e-14,3.8693275782e-05
94.04296875,4.4612887814e-14,4.7115123158e-05
94.140625,5.4222097992e-15,5.3106116368e-05
94.23828125,-1.9541377423e-14,5.6424073135e-05
94.3359375,-5.5651215951e-14,5.6960220973e-05
94.43359375,-6.3563867957e-14,5.4741888242e-05
94.53125,-8.8397848927e-14,4.9928586702e-05
94.62890625,-9.2668977050e-14,4.2801800588e-05
94.7265625,-1.1906826066e-13,3.3749094396e-05
94.82421875,-1.0986147112e-13,2.3243413630e-05
94.921875,-1.2552404827e-13,1.1818667598e-05
95.01953125,-1.0838806796e-13,4.2841689795e-08
95.1171875,-1.0740591507e-13,-1.1510018253e-05
95.21484375,-7.9223913214e-14,-2.2287578188e-05
95.3125,-7.6094150434e-14,-3.1785411370e-05
95.41015625,-4.7638469926e-14,-3.9570385193e-05
95.5078125,-3.1656488927e-14,-4.5300166295e-05
95.60546875,4.3017490615e-15,-4.8737978406e-05
95.703125,2.6081929979e-14,-4.9761992633e-05
95.80078125,5.8419495679e-14,-4.8369000357e-05
95.8984375,6.7264451138e-14,-4.4672301052e-05
95.99609375,8.1122676027e-14,-3.8894017316e-05
96.09375,8.4469706746e-14,-3.1352313876e-05
96.19140625,9.7928000739e-14,-2.2444233699e-05
96.2890625,8.7761729541e-14,-1.2625061896e-05
96.38671875,9.7733964165e-14,-2.3852779742e-06
96.484375,7.3327985511e-14,7.7737470802e-06
96.58203125,7.0684149627e-14,1.7364114032e-05
96.6796875,3.5293174333e-14,2.5934644015e-05
96.77734375,1.7590179550e-14,3.3091913765e-05
96.875,-1.1622047810e-14,3.8518106323e-05
96.97265625,-3.8920273668e-14,4.1984878055e-05
97.0703125,-6.9972740552e-14,4.3362650024e-05
97.16796875,-7.3240175478e-14,4.2624963511e-05
97.265625,-9.5268460308e-14,3.9847784176e-05
97.36328125,-9.4049134706e-14,3.5203884898e-05
97.4609375,-9.8654912882e-14,2.8952671968e-05
97.55859375,-7.7657271227e-14,2.1426031870e-05
97.65625,-7.2342339801e-14,1.3010956561e-05
97.75390625,-4.3616022572e-14,4.1298458979e-06
97.8515625,-4.1411986179e-14,-4.7805194102e-06
97.94921875,-1.9184703796e-14,-1.3290295877e-05
98.046875,-9.7966732650e-15,-2.0997153712e-05
98.14453125,1.6487591944e-14,-2.7545134534e-05
98.2421875,1.5733593770e-14,-3.2640914631e-05
98.33984375,2.8598760108e-14,-3.6066739828e-05
98.4375,3.1563576863e-14,-3.7689472366e-05
98.53515625,4.3863989921e-14,-3.7465388257e-05
98.6328125,4.3394885190e-14,-3.5440575165e-05
98.73046875,5.9351837847e-14,-3.1746995741e-05
98.828125,6.2219324880e-14,-2.6594488881e-05
98.92578125,7.4411658590e-14,-2.0259171917e-05
99.0234375,5.6402670999e-14,-1.3068871259e-05
99.12109375,4.8726663912e-14,-5.3863402123e-06
99.21875,1.9560149048e-14,2.4088852270e-06
99.31640625,1.5362321413e-14,9.9390923981e-06
99.4140625,-1.0525650613e-14,1.6846554612e-05
99.51171875,-1.8983530544e-14,2.2810383819e-05
99.609375,-4.0009084036e-14,2.7561286420e-05
99.70703125,-4.6462669895e-14,3.0893551374e-05
99.8046875,-5.6427473246e-14,3.2673745934e-05
99.90234375,-4.6290741143e-14,3.2845762984e-05
100,-4.4286333968e-14,3.1432046516e-05
100.0976562,-2.2941553340e-14,2.8531009255e-05
100.1953125,-2.7967219525e-14,2.4310839594e-05
100.2929688,-1.7158269102e-14,1.9000065221e-05
100.390625,-1.5271669423e-14,1.2875390035e-05
100.4882812,-6.0711137762e-15,6.2474424615e-06
100.5859375,-1.1534607646e-14,-5.5483832137e-07
100.6835938,-2.1452830751e-15,-7.2003999507e-06
100.78125,-2.8776592869e-15,-1.3372066735e-05
100.8789062,7.3983980031e-15,-1.8781555401e-05
100.9765625,6.7292171599e-15,-2.3182811911e-05
101.0742188,1.2600212207e-14,-2.6383058900e-05
101.171875,6.0106422374e-15,-2.8251065235e-05
101.2695312,1.7732111994e-14,-2.8722292361e-05
101.3671875,1.0419427200e-14,-2.7800729186e-05
101.4648438,2.1844895659e-14,-2.5557390379e-05
101.5625,2.0014045923e-14,-2.2125614190e-05
101.6601562,2.8087799086e-14,-1.7693447495e-05
101.7578125,1.8102204422e-14,-1.2493540601e-05
101.8554688,1.9720768570e-14,-6.7910862480e-06
101.953125,2.1566327303e-15,-8.7042126165e-07
102.0507812,1.8735247430e-15,4.9790380924e-06
102.1484375,-1.2922181791e-14,1.0476836696e-05
102.2460938,-1.4283288365e-14,1.5364821131e-05
102.34375,-2.8407952696e-14,1.9419150845e-05
102.4414062,-1.7309538430e-14,2.2460426660e-05
102.5390625,-2.3018549942e-14,2.4361484636e-05
102.6367188,-7.5233360474e-15,2.5052524395e-05
102.734375,-2.8111043600e-15,2.4523375785e-05
102.8320312,1.2145132940e-14,2.2822849353e-05
102.9296875,1.2879143519e-14,2.0055257656e-05
103.0273438,1.9134032271e-14,1.6374329066e-05
103.125,8.4369449192e-15,1.1974857117e-05
103.2226562,1.8124359138e-14,7.0825309924e-06
103.3203125,1.5575479123e-15,1.9424718457e-06
103.4179688,-2.3560250598e-15,-3.1929480033e-06
103.515625,-3.2862499806e-14,-8.0764024527e-06
103.6132812,-4.7564275868e-14,-1.2477430889e-05
103.7109375,-6.7166053763e-14,-1.6193219052e-05
103.8085938,-6.0608172273e-14,-1.9057841927e-05
103.90625,-6.8985916949e-14,-2.0949552768e-05
104.0039062,-6.5744611952e-14,-2.1795804396e-05
104.1015625,-7.4536032060e-14,-2.1575804208e-05
104.1992188,-5.9273987285e-14,-2.0320526921e-05
104.296875,-5.5632263356e-14,-1.8110233019e-05
104.3945312,-2.5431051295e-14,-1.5069660134e-05
104.4921875,-1.1236427147e-14,-1.1361163489e-05
104.5898438,2.8071092218e-15,-7.1761750760e-06
104.6875,1.0386739973e-14,-2.7254251859e-06
104.7851562,3.8432953636e-14,1.7715789548e-06
104.8828125,4.4749040202e-14,6.0972963488e-06
104.9804688,6.4778340216e-14,1.0046595365e-05
105.078125,6.7091508633e-14,1.3436399455e-05
105.1757812,8.6702956510e-14,1.6114085968e-05
105.2734375,9.0863863082e-14,1.7964257265e-05
105.3710938,1.0438640085e-13,1.8913589006e-05
105.46875,9.9468421023e-14,1.8933558776e-05
105.5664062,1.0040654538e-13,1.8040964099e-05
105.6640625,8.2878183928e-14,1.6296247129e-05
105.7617188,8.3207962060e-14,1.3799748629e-05
105.859375,5.5480085988e-14,1.0686111305e-05
105.9570312,3.1956517905e-14,7.1171374860e-06
106.0546875,-8.8426301528e-15,3.2734747860e-06
106.1523438,-4.2927451864e-14,-6.5444727620e-07
106.25,-8.6981615409e-14,-4.4757787368e-06
106.3476562,-1.1649594102e-13,-8.0084520092e-06
106.4453125,-1.5178240542e-13,-1.1087785727e-05
106.5429688,-1.6039865360e-13,-1.3574086539e-05
106.640625,-1.8313482191e-13,-1.5358901756e-05
106.7382812,-1.7681038194e-13,-1.6369647408e-05
106.8359375,-1.7935335995e-13,-1.6572419766e-05
106.9335938,-1.6272662208e-13,-1.5972889598e-05
107.03125,-1.4467599086e-13,-1.4615272717e-05
107.1289062,-1.0138716318e-13,-1.2579463170e-05
107.2265625,-6.4090818195e-14,-9.9765023007e-06
107.3242188,-1.1078983506e-14,-6.9426337818e-06
107.421875,1.3588911062e-14,-3.6322580497e-06
107.5195312,6.4339967749e-14,-2.1014661929e-07
107.6171875,8.5578423981e-14,3.1566944807e-06
107.7148438,1.1471148903e-13,6.3071134404e-06
107.8125,1.2901947441e-13,9.0934647851e-06
107.9101562,1.6326736923e-13,1.1388464555e-05
108.0078125,1.6616895372e-13,1.3090933504e-05
108.1054688,1.8730426349e-13,1.4130172879e-05
108.203125,1.7551442288e-13,1.4468788080e-05
108.3007812,1.7024378384e-13,1.4103853842e-05
108.3984375,1.4096762123e-13,1.3066396469e-05
108.4960938,1.2832037564e-13,1.1419250257e-05
108.59375,9.5994854890e-14,9.2534224162e-06
108.6914062,6.7845494763e-14,6.6831701515e-06
108.7890625,1.8564910776e-14,3.8400516692e-06
108.8867188,-2.4274013089e-14,8.6625734141e-07
108.984375,-8.2702853104e-14,-2.0924439315e-06
109.0820312,-1.2771454906e-13,-4.8937959729e-06
109.1796875,-1.8019698634e-13,-7.4058418349e-06
109.2773438,-2.0932181148e-13,-9.5130844209e-06
109.375,-2.3669271543e-13,-1.1121736376e-05
109.4726562,-2.3926983347e-13,-1.2163823721e-05
109.5703125,-2.3257312193e-13,-1.2599967430e-05
109.6679688,-2.1144516679e-13,-1.2420734202e-05
109.765625,-1.9437025027e-13,-1.1646518690e-05
109.8632812,-1.5555757963e-13,-1.0325990930e-05
109.9609375,-1.1569365039e-13,-8.5332111847e-06
110.0585938,-5.3216856446e-14,-6.3635766635e-06
110.15625,-9.9697050256e-15,-3.9288177310e-06
110.2539062,4.7381726588e-14,-1.3513028311e-06
110.3515625,8.6376719504e-14,1.2420602797e-06
110.4492188,1.3492737882e-13,3.7260254503e-06
110.546875,1.6905949775e-13,5.9830105039e-06
110.6445312,2.1578081401e-13,7.9086156691e-06
110.7421875,2.3580897905e-13,9.4164014530e-06
110.8398438,2.5361218587e-13,1.0441709920e-05
110.9375,2.4219162050e-13,1.0944363553e-05
111.0351562,2.4272955292e-13,1.0910133122e-05
111.1328125,2.1879666771e-13,1.0350927364e-05
111.2304688,2.0330549432e-13,9.3037197578e-06
111.328125,1.6741129659e-13,7.8282882379e-06
111.4257812,1.3539939193e-13,6.0038994268e-06
111.5234375,7.7058625922e-14,3.9251173010e-06
111.6210938,3.1511698783e-14,1.6969549535e-06
111.71875,-2.3163872029e-14,-5.7038441420e-07
111.8164062,-7.2726156636e-14,-2.7669160531e-06
111.9140625,-1.3495668386e-13,-4.7881683478e-06
112.0117188,-1.7165383051e-13,-6.5401107074e-06
112.109375,-2.2452038849e-13,-7.9434842575e-06
112.2070312,-2.5614835404e-13,-8.9373381021e-06
112.3046875,-2.7868167975e-13,-9.4816159657e-06
112.4023438,-2.7605857255e-13,-9.5586867431e-06
112.5,-2.7769969998e-13,-9.1737653988e-06
112.5976562,-2.5264101107e-13,-8.3542251433e-06
112.6953125,-2.2513404639e-13,-7.1478552112e-06
112.7929688,-1.6927269983e-13,-5.6201683272e-06
112.890625,-1.2717913629e-13,-3.8509057404e-06
112.9882812,-5.6280742261e-14,-1.9299235437e-06
113.0859375,8.2657908109e-16,4.7329712320e-08
113.1835938,6.4931380157e-14,1.9845184169e-06
113.28125,1.1264118242e-13,3.7890781176e-06
113.3789062,1.7565420632e-13,5.3766030341e-06
113.4765625,2.1702143171e-13,6.6747566603e-06
113.5742188,2.6680049641e-13,7.6265261615e-06
113.671875,2.9063277750e-13,8.1926763174e-06
113.7695312,3.0950059022e-13,8.3533000788e-06
113.8671875,3.0911814928e-13,8.1084082999e-06
113.9648438,3.0856183028e-13,7.4775485948e-06
114.0625,2.7856727434e-13,6.4984902329e-06
114.1601562,2.4603546066e-13,5.2250562807e-06
114.2578125,1.9365467168e-13,3.7242237296e-06
114.3554688,1.2947332793e-13,2.0726453067e-06
114.453125,6.3897146179e-14,3.5277159398e-07
114.5507812,9.6863246425e-15,-1.3512320778e-06
114.6484375,-7.5919089029e-14,-2.9575733225e-06
114.7460938,-1.4681809594e-13,-4.3907279545e-06
114.84375,-2.2549419644e-13,-5.5849588182e-06
114.9414062,-2.8526298711e-13,-6.4872958536e-06
115.0390625,-3.4180804218e-13,-7.0598441210e-06
115.1367188,-3.7658065832e-13,-7.2813214284e-06
115.234375,-4.0339801261e-13,-7.1477662068e-06
115.3320312,-4.0128005977e-13,-6.6723973823e-06
115.4296875,-3.8964430328e-13,-5.8846492028e-06
115.5273438,-3.2651721446e-13,-4.8284432862e-06
115.625,-2.6114405691e-13,-3.5597957134e-06
115.7226562,-1.6527804430e-13,-2.1438871616e-06
115.8203125,-7.4001958544e-14,-6.5174749234e-07
115.9179688,2.2453741310e-14,8.4327810683e-07
116.015625,1.1310876913e-13,2.2691069987e-06
116.1132812,2.1206382993e-13,3.5583677740e-06
116.2109375,2.9223200168e-13,4.6515560485e-06
116.3085938,3.6475831205e-13,5.4997509362e-06
116.40625,4.1260338054e-13,6.0667697196e-06
116.5039062,4.5647113591e-13,6.3306676436e-06
116.6015625,4.6335262127e-13,6.2845230927e-06
116.6992188,4.6731050364e-13,5.9364839763e-06
116.796875,4.3181413709e-13,5.3090872070e-06
116.8945312,3.9846877384e-13,4.4378979490e-06
116.9921875,3.2776205427e-13,3.3695471923e-06
117.0898438,2.5425567090e-13,2.1592736986e-06
117.1875,1.5312846224e-13,8.6809821262e-07
117.2851562,5.6117487558e-14,-4.4022689206e-07
117.3828125,-5.8996962749e-14,-1.7023412810e-06
117.4804688,-1.6826349771e-13,-2.8583217477e-06
117.578125,-2.7916202357e-13,-3.8545035178e-06
117.6757812,-3.7552449663e-13,-4.6459461203e-06
117.7734375,-4.6479176868e-13,-5.1984318171e-06
117.8710938,-5.2475654671e-13,-5.4899092427e-06
117.96875,-5.7743261060e-13,-5.5113233035e-06
118.0664062,-5.8781880580e-13,-5.2668030833e-06
118.1640625,-5.8145114600e-13,-4.7732109687e-06
118.2617188,-5.2899227079e-13,-4.0590869248e-06
118.359375,-4.5990720250e-13,-3.1630503412e-06
118.4570312,-3.5744390209e-13,-2.1317468109e-06
118.5546875,-2.5328958078e-13,-1.0174474574e-06
118.6523438,-1.2398486463e-13,1.2457688901e-07
118.75,4.9386817581e-15,1.2387758582e-06
118.8476562,1.3867017221e-13,2.2720011926e-06
118.9453125,2.6288213384e-13,3.1760214265e-06
119.0429688,3.8499390499e-13,3.9097516283e-06
119.140625,4.8644085861e-13,4.4410962284e-06
119.2382812,5.7393280386e-13,4.7483235400e-06
119.3359375,6.2564958748e-13,4.8209147026e-06
119.4335938,6.6044190677e-13,4.6598561883e-06
119.53125,6.5653496204e-13,4.2773724157e-06
119.6289062,6.2779550608e-13,3.6961220481e-06
119.7265625,5.5510285388e-13,2.9479069500e-06
119.8242188,4.6189213634e-13,2.0719653114e-06
119.921875,3.2740739750e-13,1.1129391225e-06
120.0195312,1.8785840334e-13,1.1862014322e-07
120.1171875,2.6454525708e-14,-8.6241280286e-07
120.2148438,-1.2521880868e-13,-1.7831493045e-06
120.3125,-2.9318824023e-13,-2.6003822632e-06
120.4101562,-4.3365624578e-13,-3.2767168498e-06
120.5078125,-5.6994877168e-13,-3.7822610464e-06
120.6054688,-6.6652028431e-13,-4.0959224125e-06
120.703125,-7.3747252152e-13,-4.2062561228e-06
120.8007812,-7.6274803593e-13,-4.1118319964e-06
120.8984375,-7.6145334805e-13,-3.8211120253e-06
120.9960938,-7.0978459655e-13,-3.3518536575e-06
121.09375,-6.3632560971e-13,-2.7300766454e-06
121.1914062,-5.1765024564e-13,-1.9886515754e-06
121.2890625,-3.8292507384e-13,-1.1655853096e-06
121.3867188,-2.1439428401e-13,-3.0209173592e-07
121.484375,-5.1127504961e-14,5.5945512324e-07
121.5820312,1.2947745924e-13,1.3775847803e-06
121.6796875,2.9648448366e-13,2.1137109857e-06
121.7773438,4.6590136495e-13,2.7339356235e-06
121.875,6.0087318937e-13,3.2105922704e-06
121.9726562,7.2102175007e-13,3.5234600268e-06
122.0703125,8.0291368674e-13,3.6605954414e-06
122.1679688,8.6463558658e-13,3.6187497457e-06
122.265625,8.7057177454e-13,3.4033592231e-06
122.3632812,8.4021547960e-13,3.0281173317e-06
122.4609375,7.6255091360e-13,2.5141571895e-06
122.5585938,6.5106701907e-13,1.8888912529e-06
122.65625,4.9509531002e-13,1.1845706416e-06
122.7539062,3.2337315406e-13,4.3663887662e-07
122.8515625,1.2964720600e-13,-3.1803672590e-07
122.9492188,-6.7627534300e-14,-1.0429684603e-06
123.046875,-2.7759852270e-13,-1.7037988850e-06
123.1445312,-4.5963303810e-13,-2.2699153908e-06
123.2421875,-6.4150445203e-13,-2.7158534962e-06
123.3398438,-7.7820929139e-13,-3.0224252994e-06
123.4375,-8.8896979870e-13,-3.1775239729e-06
123.5351562,-9.3432990907e-13,-3.1765717316e-06
123.6328125,-9.5347411073e-13,-3.0225965056e-06
123.7304688,-9.3190887270e-13,-2.7259407191e-06
123.828125,-8.6782114164e-13,-2.3036232358e-06
123.9257812,-7.4731883214e-13,-1.7783918391e-06
124.0234375,-6.0039777133e-13,-1.1775178102e-06
124.1210938,-4.1488386170e-13,-5.3139560855e-07
124.21875,-2.1816385144e-13,1.2798115843e-07
124.3164062,5.3489068681e-15,7.6859168477e-07
124.4140625,2.2812792699e-13,1.3599311876e-06
124.5117188,4.5224558120e-13,1.8744515989e-06
124.609375,6.4263225329e-13,2.2888322777e-06
124.7070312,8.1128507556e-13,2.5850227705e-06
124.8046875,9.3824675077e-13,2.7510117368e-06
124.9023438,1.0316402446e-12,2.7812902284e-06
125,1.0703544902e-12,2.6769928428e-06
125.0976562,1.0662039346e-12,2.4457161058e-06
125.1953125,9.9485491042e-13,2.1010290006e-06
125.2929688,8.8640802551e-13,1.6617051100e-06
125.390625,7.2207718537e-13,1.1507186838e-06
125.4882812,5.3388900390e-13,5.9405750977e-07
125.5859375,3.0317288152e-13,1.9413285134e-08
125.6835938,6.7086423954e-14,-5.4518507800e-07
125.78125,-1.9567047683e-13,-1.0727282761e-06
125.8789062,-4.3866416097e-13,-1.5385083869e-06
125.9765625,-6.8375446043e-13,-1.9212652719e-06
126.0742188,-8.6979236499e-13,-2.2041449642e-06
126.171875,-1.0255961886e-12,-2.3754274602e-06
126.2695312,-1.1277947222e-12,-2.4289932605e-06
126.3671875,-1.1903654013e-12,-2.3645111725e-06
126.4648438,-1.1821144105e-12,-2.1873436551e-06
126.5625,-1.1317360794e-12,-1.9081796630e-06
126.6601562,-1.0173205009e-12,-1.5424178865e-06
126.7578125,-8.5289995234e-13,-1.1093348711e-06
126.8554688,-6.3906534686e-13,-6.3108220692e-07
126.953125,-3.9332797586e-13,-1.3156436601e-07
127.0507812,-1.1804604352e-13,3.6474646590e-07
127.1484375,1.6907557750e-13,8.3400026169e-07
127.2460938,4.5584526568e-13,1.2541063125e-06
127.34375,7.1321457967e-13,1.6057638964e-06
127.4414062,9.5584811377e-13,1.8733388352e-06
127.5390625,1.1437315773e-12,2.0455466540e-06
127.6367188,1.2880058781e-12,2.1159131243e-06
127.734375,1.3665308454e-12,2.0829942596e-06
127.8320312,1.3873802324e-12,1.9503497579e-06
127.9296875,1.3316637086e-12,1.7262758848e-06
128.0273438,1.2218563073e-12,1.4233152614e-06
128.125,1.0347624227e-12,1.0575714394e-06
128.2226562,8.1167986502e-13,6.4786501509e-07
128.3203125,5.2652420108e-13,2.1477496704e-07
128.4179688,2.2040329192e-13,-2.2038640128e-07
128.515625,-1.0090666046e-13,-6.3661426128e-07
128.6132812,-4.2129950821e-13,-1.0142173564e-06
128.7109375,-7.4034609485e-13,-1.3357415874e-06
128.8085938,-1.0233828980e-12,-1.5867681671e-06
128.90625,-1.2673101212e-12,-1.7565502866e-06
129.0039062,-1.4352692471e-12,-1.8384607062e-06
129.1015625,-1.5449262870e-12,-1.8302323212e-06
129.1992188,-1.5802735634e-12,-1.7339840656e-06
129.296875,-1.5466536271e-12,-1.5560350121e-06
129.3945312,-1.4298155595e-12,-1.3065196676e-06
129.4921875,-1.2482661604e-12,-9.9882680187e-07
129.5898438,-9.9200676052e-13,-6.4889221429e-07
129.6875,-6.8795568129e-13,-2.7438230502e-07
129.7851562,-3.3597926818e-13,1.0619012930e-07
129.8828125,3.1278438865e-14,4.7437398128e-07
129.9804688,4.0199350461e-13,8.1266759293e-07
130.078125,7.5192664619e-13,1.1053438090e-06
130.1757812,1.0888856242e-12,1.3391737713e-06
130.2734375,1.3648173066e-12,1.5040165191e-06
130.3710938,1.5952690254e-12,1.5932485525e-06
130.46875,1.7325257346e-12,1.6040157242e-06
130.5664062,1.8019135233e-12,1.5372987155e-06
130.6640625,1.7677066691e-12,1.3977925080e-06
130.7617188,1.6700313259e-12,1.1936092095e-06
130.859375,1.4713639721e-12,9.3582192885e-07
130.9570312,1.2087298302e-12,6.3787471134e-07
131.0546875,8.6042092762e-13,3.1488952277e-07
131.1523438,4.7927876220e-13,-1.7094362306e-08
131.25,5.9094570538e-14,-3.4191063151e-07
131.3476562,-3.5996436221e-13,-6.4404722459e-07
131.4453125,-7.7508929245e-13,-9.0938117236e-07
131.5429688,-1.1601055337e-12,-1.1258324698e-06
131.640625,-1.5020756502e-12,-1.2839070277e-06
131.7382812,-1.7636316574e-12,-1.3771046643e-06
131.8359375,-1.9639420908e-12,-1.4021750593e-06
131.9335938,-2.0552514086e-12,-1.3592122457e-06
132.03125,-2.0554740451e-12,-1.2515861696e-06
132.1289062,-1.9424247941e-12,-1.0857177326e-06
132.2265625,-1.7508385903e-12,-8.7071114190e-07
132.3242188,-1.4566499838e-12,-6.1786401088e-07
132.421875,-1.0968061104e-12,-3.4008114650e-07
132.5195312,-6.6696010955e-13,-5.1222107700e-08
132.6171875,-2.1031128207e-13,2.3458476669e-07
132.7148438,2.7429713784e-13,5.0362817056e-07
132.8125,7.4865083798e-13,7.4326644601e-07
132.9101562,1.2012225654e-12,9.4251619381e-07
133.0078125,1.5993046308e-12,1.0925497443e-06
133.1054688,1.9374577833e-12,1.1870792629e-06
133.203125,2.1761288952e-12,1.2226111507e-06
133.3007812,2.3250502347e-12,1.1985609635e-06
133.3984375,2.3529488109e-12,1.1172259764e-06
133.4960938,2.2751836408e-12,9.8361943752e-07
133.59375,2.0679602152e-12,8.0517713820e-07
133.6914062,1.7604337538e-12,5.9135287721e-07
133.7890625,1.3563738242e-12,3.5312443176e-07
133.8867188,8.9412294520e-13,1.0243554642e-07
133.984375,3.6413062586e-13,-1.4839795269e-07
134.0820312,-1.8914528260e-13,-3.8728862143e-07
134.1796875,-7.4225658573e-13,-6.0295538330e-07
134.2773438,-1.2584147374e-12,-7.8545162110e-07
134.375,-1.7361191541e-12,-9.2661888503e-07
134.4726562,-2.1339096673e-12,-1.0204457805e-06
134.5703125,-2.4408808084e-12,-1.0633165563e-06
134.6679688,-2.6204065028e-12,-1.0541395255e-06
134.765625,-2.6849369646e-12,-9.9435142681e-07
134.8632812,-2.6150737580e-12,-8.8779988862e-07
134.9609375,-2.4240494119e-12,-7.4051198664e-07
135.0585938,-2.0945516642e-12,-5.6036222279e-07
135.15625,-1.6671664692e-12,-3.5665784318e-07
135.2539062,-1.1309021911e-12,-1.3966305388e-07
135.3515625,-5.5356237597e-13,7.9913776194e-08
135.4492188,7.6315853344e-14,2.9144451167e-07
135.546875,7.0343160062e-13,4.8489176100e-07
135.6445312,1.3192163093e-12,6.5128116991e-07
135.7421875,1.8802055031e-12,7.8311347480e-07
135.8398438,2.3610432660e-12,8.7469761457e-07
135.9375,2.7203779444e-12,9.2239036146e-07
136.0351562,2.9705727681e-12,9.2473271166e-07
136.1328125,3.0641095411e-12,8.8247843805e-07
136.2304688,3.0227194800e-12,7.9851548970e-07
136.328125,2.8294970973e-12,6.7768607311e-07
136.4257812,2.4931466471e-12,5.2651601893e-07
136.5234375,2.0183990655e-12,3.5286820678e-07
136.6210938,1.4424982162e-12,1.6553819620e-07
136.71875,7.7928969613e-13,-2.6187349510e-08
136.8164062,7.9807579070e-14,-2.1298746200e-07
136.9140625,-6.5098057943e-13,-3.8595658977e-07
137.0117188,-1.3558348703e-12,-5.3702571243e-07
137.109375,-2.0185957339e-12,-6.5933510494e-07
137.2070312,-2.5978170640e-12,-7.4754171722e-07
137.3046875,-3.0606915433e-12,-7.9804760913e-07
137.4023438,-3.3671567582e-12,-8.0913994437e-07
137.5,-3.5291243095e-12,-7.8103748814e-07
137.5976562,-3.5177317099e-12,-7.1584315568e-07
137.6953125,-3.3426703688e-12,-6.1740669257e-07
137.7929688,-2.9899864581e-12,-4.9110582036e-07
137.890625,-2.4954688954e-12,-3.4355794926e-07
137.9882812,-1.8598673085e-12,-1.8227767420e-07
138.0859375,-1.1291072973e-12,-1.5297591086e-08
138.1835938,-3.1328704607e-13,1.4922859701e-07
138.28125,5.2715688115e-13,3.0342122414e-07
138.3789062,1.3630783898e-12,4.4004905198e-07
138.4765625,2.1359620640e-12,5.5286526614e-07
138.5742188,2.8339817894e-12,6.3688962380e-07
138.671875,3.4000321513e-12,6.8862418896e-07
138.7695312,3.8189004992e-12,7.0619353008e-07
138.8671875,4.0418058193e-12,6.8940406970e-07
138.9648438,4.0845200775e-12,6.3972127113e-07
139.0625,3.9198111548e-12,5.6016733192e-07
139.1601562,3.5646313902e-12,4.5514583164e-07
139.2578125,3.0191667380e-12,3.3020317841e-07
139.3554688,2.3275842237e-12,1.9173955449e-07
139.453125,1.5057727609e-12,4.6684252648e-08
139.5507812,6.0304798171e-13,-9.7848275138e-08
139.6484375,-3.5497056610e-13,-2.3490471663e-07
139.7460938,-1.3070552867e-12,-3.5802481748e-07
139.84375,-2.2245567049e-12,-4.6154320183e-07
139.9414062,-3.0442077214e-12,-5.4084712968e-07
140.0390625,-3.7379784662e-12,-5.9257861454e-07
140.1367188,-4.2481873663e-12,-6.1477222718e-07
140.234375,-4.5745500427e-12,-6.0692317517e-07
140.3320312,-4.6757251019e-12,-5.6998371085e-07
140.4296875,-4.5584867968e-12,-5.0628941018e-07
140.5273438,-4.2107858773e-12,-4.1942021461e-07
140.625,-3.6568080100e-12,-3.1400417703e-07
140.7226562,-2.9037429391e-12,-1.9547446223e-07
140.8203125,-1.9959712470e-12,-6.9792201968e-08
140.9179688,-9.7409632132e-13,5.6850790095e-08
141.015625,1.0431884718e-13,1.7833473650e-07
141.1132812,1.2139982901e-12,2.8890535856e-07
141.2109375,2.2756908381e-12,3.8344412213e-07
141.3085938,3.2547445455e-12,4.5770269004e-07
141.40625,4.0763431779e-12,5.0849096995e-07
141.5039062,4.7276353759e-12,5.3381058432e-07
141.6015625,5.1548869163e-12,5.3292837546e-07
141.6992188,5.3451107877e-12,5.0638754989e-07
141.796875,5.2595980106e-12,4.5595711714e-07
141.8945312,4.9290644399e-12,3.8452323762e-07
141.9921875,4.3410133730e-12,2.9592882485e-07
142.0898438,3.5345852610e-12,1.9477011803e-07
142.1875,2.5369962429e-12,8.6160848443e-08
142.2851562,1.3981445103e-12,-2.4524019552e-08
142.3828125,1.6624449761e-13,-1.3191223595e-07
142.4804688,-1.0891736353e-12,-2.3089303817e-07
142.578125,-2.3238379005e-12,-3.1685838080e-07
142.6757812,-3.4608731295e-12,-3.8591533599e-07
142.7734375,-4.4617383190e-12,-4.3505998159e-07
142.8710938,-5.2493618136e-12,-4.6230513613e-07
142.96875,-5.8029721309e-12,-4.6675666789e-07
143.0664062,-6.0702405999e-12,-4.4863568500e-07
143.1640625,-6.0488311712e-12,-4.0924657106e-07
143.2617188,-5.7230946374e-12,-3.5089344172e-07
143.359375,-5.1204635999e-12,-2.7675003229e-07
143.4570312,-4.2510144511e-12,-1.9069017531e-07
143.5546875,-3.1593761964e-12,-9.7087788105e-08
143.6523438,-1.8797338986e-12,-5.9658948639e-10
143.75,-4.9892889001e-13,9.4079454536e-08
143.8476562,9.5067117820e-13,1.8241371896e-07
143.9453125,2.3681643671e-12,2.6027161521e-07
144.0429688,3.7068647348e-12,3.2410229598e-07
144.140625,4.8817681542e-12,3.7109857347e-07
144.2382812,5.8403736199e-12,3.9931795324e-07
144.3359375,6.5320803459e-12,4.0775969619e-07
144.4335938,6.9182948476e-12,3.9639503568e-07
144.53125,6.9652526386e-12,3.6614998967e-07
144.6289062,6.6802996357e-12,3.1884250139e-07
144.7265625,6.0499948376e-12,2.5707781016e-07
144.8242188,5.1170786525e-12,1.8410789099e-07
144.921875,3.9072534359e-12,1.0366242192e-07
145.0195312,2.4941323496e-12,1.9759966478e-08
145.1171875,9.2237200147e-13,-6.3491153412e-08
145.2148438,-7.1510717201e-13,-1.4209250392e-07
145.3125,-2.3589436543e-12,-2.1234607623e-07
145.4101562,-3.9130935597e-12,-2.7102670868e-07
145.5078125,-5.3109391631e-12,-3.1552843299e-07
145.6054688,-6.4674801512e-12,-3.4397819245e-07
145.703125,-7.3285364828e-12,-3.5531207657e-07
145.8007812,-7.8547565108e-12,-3.4931111602e-07
145.8984375,-7.9976695688e-12,-3.2659568562e-07
145.9960938,-7.7427532520e-12,-2.8857957657e-07
146.09375,-7.1140741004e-12,-2.3738672078e-07
146.1914062,-6.1200167591e-12,-1.7573529354e-07
146.2890625,-4.8136943934e-12,-1.0679540122e-07
146.3867188,-3.2413965214e-12,-3.4027715528e-08
146.484375,-1.4799759755e-12,3.8988807741e-08
146.5820312,3.9218464815e-13,1.0873161623e-07
146.6796875,2.2648508348e-12,1.7190319315e-07
146.7773438,4.0855137702e-12,2.2558562496e-07
146.875,5.7253173711e-12,2.6737392693e-07
146.9726562,7.1261160869e-12,2.9548210887e-07
147.0703125,8.1969855830e-12,3.0881739215e-07
147.1679688,8.8948585789e-12,3.0701961067e-07
147.265625,9.1606728281e-12,2.9046456324e-07
147.3632812,8.9902734166e-12,2.6023184429e-07
147.4609375,8.3682552020e-12,2.1803938200e-07
147.5585938,7.3310724694e-12,1.6614847345e-07
147.65625,5.9102778673e-12,1.0724445622e-07
147.7539062,4.1872031090e-12,4.4299230663e-08
147.8515625,2.2098185642e-12,-1.9577396579e-08
147.9492188,9.4618721255e-14,-8.1290172574e-08
148.046875,-2.0721136763e-12,-1.3790724326e-07
148.1445312,-4.1749795266e-12,-1.8679828226e-07
148.2421875,-6.1221871931e-12,-2.2575545282e-07
148.3398438,-7.7871817755e-12,-2.5309170375e-07
148.4375,-9.1143302840e-12,-2.6771209629e-07
148.5351562,-1.0019679487e-11,-2.6915524133e-07
148.6328125,-1.0450405320e-11,-2.5760342132e-07
148.7304688,-1.0371086415e-11,-2.3386150813e-07
148.828125,-9.7843442916e-12,-1.9930628839e-07
148.9257812,-8.7062356569e-12,-1.5580920363e-07
149.0234375,-7.1856533882e-12,-1.0563673509e-07
149.1210938,-5.2770399324e-12,-5.1333660067e-08
149.21875,-3.0763825175e-12,4.4048688314e-09
149.3164062,-6.7073675923e-13,5.8866044484e-08
149.4140625,1.8088374113e-12,1.0945044062e-07
149.5117188,4.2595828715e-12,1.5379508049e-07
149.609375,6.5313764802e-12,1.8988276224e-07
149.7070312,8.5362735283e-12,2.1613263619e-07
149.8046875,1.0150553464e-11,2.3146802880e-07
149.9023438,1.1299205563e-11,2.3535868012e-07
150,1.1910302238e-11,2.2783584907e-07
150.0976562,1.1953853290e-11,2.0948007707e-07
150.1953125,1.1408763452e-11,1.8138272223e-07
150.2929688,1.0299512212e-11,1.4508361822e-07
150.390625,8.6465919404e-12,1.0248831802e-07
150.4882812,6.5413195814e-12,5.5769299175e-08
150.5859375,4.0669170802e-12,7.2561972713e-09
150.6835938,1.3585079391e-12,-4.0679434779e-08
150.78125,-1.4888541985e-12,-8.5739184565e-08
150.8789062,-4.3146442881e-12,-1.2580711573e-07
150.9765625,-6.9884289953e-12,-1.5904822265e-07
151.0742188,-9.3565450579e-12,-1.8399146913e-07
151.171875,-1.1322595477e-11,-1.9959370483e-07
151.2695312,-1.2765210641e-11,-2.0528174562e-07
151.3671875,-1.3616320421e-11,-2.0097100760e-07
151.4648438,-1.3808620297e-11,-1.8706024543e-07
151.5625,-1.3339864653e-11,-1.6440310460e-07
151.6601562,-1.2198967787e-11,-1.3425830181e-07
151.7578125,-1.0437237439e-11,-9.8221241565e-08
151.8554688,-8.1163410285e-12,-5.8140718834e-08
151.953125,-5.3701886350e-12,-1.6025005330e-08
152.0507812,-2.3016921004e-12,2.6057952601e-08
152.1484375,9.4234754910e-13,6.6081304147e-08
152.2460938,4.2113401988e-12,1.0215615844e-07
152.34375,7.3272513287e-12,1.3261995147e-07
152.4414062,1.0152787457e-11,1.5611222016e-07
152.5390625,1.2523825397e-11,1.7163437401e-07
152.6367188,1.4332616683e-11,1.7859088998e-07
152.734375,1.5468672202e-11,1.7681030134e-07
152.8320312,1.5873417475e-11,1.6654535501e-07
152.9296875,1.5503194670e-11,1.4845272831e-07
153.0273438,1.4365583964e-11,1.2355367248e-07
153.125,1.2492545142e-11,9.3177844006e-08
153.2226562,9.9682725967e-12,5.8893350776e-08
153.3203125,6.8973012734e-12,2.2426647003e-08
153.4179688,3.4431328457e-12,-1.4423670042e-08
153.515625,-2.5214716105e-13,-4.9874891555e-08
153.6132812,-4.0025520295e-12,-8.2245781182e-08
153.7109375,-7.6377080213e-12,-1.1003563461e-07
153.8085938,-1.0967186357e-11,-1.3199313086e-07
153.90625,-1.3827452517e-11,-1.4717185288e-07
154.0039062,-1.6061311471e-11,-1.5497005762e-07
154.1015625,-1.7555968384e-11,-1.5515308028e-07
154.1992188,-1.8200354127e-11,-1.4785762538e-07
154.296875,-1.7975666262e-11,-1.3357808388e-07
154.3945312,-1.6854815767e-11,-1.1313587920e-07
154.4921875,-1.4894619273e-11,-8.7633643138e-08
154.5898438,-1.2154095444e-11,-5.8396719466e-08
154.6875,-8.7698650400e-12,-2.6905055435e-08
154.7851562,-4.8842930634e-12,5.2810535992e-09
154.8828125,-6.8866263408e-13,3.6597671721e-08
154.9804688,3.6299624516e-12,6.5552639399e-08
155.078125,7.8571317850e-12,9.0796091362e-08
155.1757812,1.1786311290e-11,1.1118277129e-07
155.2734375,1.5202674541e-11,1.2582329818e-07
155.3710938,1.7942555521e-11,1.3412212533e-07
155.46875,1.9859190430e-11,1.3580061767e-07
155.5664062,2.0839966574e-11,1.3090441980e-07
155.6640625,2.0805276675e-11,1.1979506016e-07
155.7617188,1.9761770047e-11,1.0312649685e-07
155.859375,1.7719712670e-11,8.1808023048e-08
155.9570312,1.4767092108e-11,5.6955579595e-08
156.0546875,1.1025862712e-11,2.9834042257e-08
156.1523438,6.6811818285e-12,1.7934362581e-09
156.25,1.9229493615e-12,-2.5797732443e-08
156.3476562,-3.0265118831e-12,-5.1618762406e-08
156.4453125,-7.9300941071e-12,-7.4459471984e-08
156.5429688,-1.2538557545e-11,-9.3276391682e-08
156.640625,-1.6623404858e-11,-1.0723985066e-07
156.7382812,-1.9965521723e-11,-1.1576986320e-07
156.8359375,-2.2389639052e-11,-1.1855929988e-07
156.9335938,-2.3754428029e-11,-1.1558347041e-07
157.03125,-2.3992922267e-11,-1.0709591583e-07
157.1289062,-2.3052448787e-11,-9.3610876596e-08
157.2265625,-2.0963398752e-11,-7.5873535567e-08
157.3242188,-1.7789669217e-11,-5.4819703376e-08
157.421875,-1.3689665547e-11,-3.1527089990e-08
157.5195312,-8.8361747783e-12,-7.1606711511e-09
157.6171875,-3.4560860803e-12,1.7085105619e-08
157.7148438,2.1984990570e-12,4.0044430340e-08
157.8125,7.8498495175e-12,6.0635749908e-08
157.9101562,1.3234326934e-11,7.7912265081e-08
158.0078125,1.8078553407e-11,9.1104970465e-08
158.1054688,2.2131329797e-11,9.9656306103e-08
158.203125,2.5164485230e-11,1.0324297912e-07
158.3007812,2.7028628758e-11,1.0178706254e-07
158.3984375,2.7597859954e-11,9.5455060967e-08
158.4960938,2.6831117807e-11,8.4645217610e-08
158.59375,2.4722568005e-11,6.9963899402e-08
158.6914062,2.1360358646e-11,5.2192406164e-08
158.7890625,1.6878129047e-11,3.2245986267e-08
158.8867188,1.1488258141e-11,1.1127181949e-08
158.984375,5.4228661516e-12,-1.0124139330e-08
159.0820312,-1.0208316573e-12,-3.0481597063e-08
159.1796875,-7.5408292484e-12,-4.8981488949e-08
159.2773438,-1.3818399962e-11,-6.4768022564e-08
159.375,-1.9538806980e-11,-7.7132483633e-08
159.4726562,-2.4408155065e-11,-8.5544570020e-08
159.5703125,-2.8174808974e-11,-8.9674531241e-08
159.6679688,-3.0634069829e-11,-8.9405222847e-08
159.765625,-3.1640300632e-11,-8.4833687356e-08
159.8632812,-3.1103195928e-11,-7.6262385999e-08
159.9609375,-2.9041079469e-11,-6.4180701199e-08
160.0585938,-2.5499479522e-11,-4.9237787158e-08
160.15625,-2.0637204597e-11,-3.2208241616e-08
160.2539062,-1.4661287080e-11,-1.3952390120e-08
160.3515625,-7.8588362440e-12,4.6268011102e-09
160.4492188,-5.3086652194e-13,2.2628043149e-08
160.546875,6.9576000148e-12,3.9195114762e-08
160.6445312,1.4252439375e-11,5.3557252228e-08
160.7421875,2.0988550872e-11,6.5064650289e-08
160.8398438,2.6830684882e-11,7.3217457006e-08
160.9375,3.1460834501e-11,7.7686990209e-08
161.0351562,3.4644904106e-11,7.8328301750e-08
161.1328125,3.6183070668e-11,7.5183649828e-08
161.2304688,3.5985350519e-11,6.8476885590e-08
161.328125,3.4013999316e-11,5.8599198323e-08
161.4257812,3.0333434205e-11,4.6087070892e-08
161.5234375,2.5085235332e-11,3.1593656592e-08
161.6210938,1.8509038807e-11,1.5855081894e-08
161.71875,1.0890992536e-11,-3.4660424404e-10
161.8164062,2.5926088939e-12,-1.6221985619e-08
161.9140625,-5.9943933548e-12,-3.1012452078e-08
162.0117188,-1.4456744917e-11,-4.4026159286e-08
162.109375,-2.2377735804e-11,-5.4670084546e-08
162.2070312,-2.9348431961e-11,-6.2476709131e-08
162.3046875,-3.5025049674e-11,-6.7124144077e-08
162.4023438,-3.9086197634e-11,-6.8448855322e-08
162.5,-4.1307150205e-11,-6.6450516333e-08
162.5976562,-4.1537335341e-11,-6.1288905082e-08
162.6953125,-3.9742791706e-11,-5.3273146672e-08
162.7929688,-3.5950144161e-11,-4.2843966393e-08
162.890625,-3.0322791233e-11,-3.0549941545e-08
162.9882812,-2.3088528258e-11,-1.7019011091e-08
163.0859375,-1.4587044870e-11,-2.9267061289e-09
163.1835938,-5.1996256056e-12,1.1037305306e-08
163.28125,4.6213469397e-12,2.4202715347e-08
163.3789062,1.4416069618e-11,3.5950500434e-08
163.4765625,2.3687070846e-11,4.5741764727e-08
163.5742188,3.1977401437e-11,5.3142171828e-08
163.671875,3.8851863395e-11,5.7840872265e-08
163.7695312,4.3957889396e-11,5.9663119794e-08
163.8671875,4.7000964322e-11,5.8576089539e-08
163.9648438,4.7796880211e-11,5.4687747333e-08
164.0625,4.6250151040e-11,4.8238957743e-08
164.1601562,4.2413265284e-11,3.9589339998e-08
164.2578125,3.6412989948e-11,2.9197672928e-08
164.3554688,2.8507914669e-11,1.7597896935e-08
164.453125,1.9047145194e-11,5.3719535111e-09
164.5507812,8.4676992892e-12,-6.8791689213e-09
164.6484375,-2.7405249186e-12,-1.8564753415e-08
164.7460938,-1.4025648084e-11,-2.9132617884e-08
164.84375,-2.4837634787e-11,-3.8094981756e-08
164.9414062,-3.4645571653e-11,-4.5050735683e-08
165.0390625,-4.2943525276e-11,-4.9703109931e-08
165.1367188,-4.9282196558e-11,-5.1871978361e-08
165.234375,-5.3335809016e-11,-5.1500307511e-08
165.3320312,-5.4844695057e-11,-4.8654552175e-08
165.4296875,-5.3692848322e-11,-4.3519093891e-08
165.5273438,-4.9884876990e-11,-3.6385104319e-08
165.625,-4.3542809138e-11,-2.7634476392e-08
165.7226562,-3.4939831808e-11,-1.7719691856e-08
165.8203125,-2.4454876055e-11,-7.1406725906e-09
165.9179688,-1.2562762824e-11,3.5802111776e-09
166.015625,1.7809980353e-13,1.3923736709e-08
166.1132812,1.3163599376e-11,2.3398783715e-08
166.2109375,2.5749430644e-11,3.1565458630e-08
166.3085938,3.7319783928e-11,3.8055308879e-08
166.40625,4.7276032697e-11,4.2587709068e-08
166.5039062,5.5114332989e-11,4.4981702609e-08
166.6015625,6.0397396094e-11,4.5162815286e-08
166.6992188,6.2814002980e-11,4.3164608416e-08
166.796875,6.2195315960e-11,3.9124997470e-08
166.8945312,5.8509433722e-11,3.3277613370e-08
166.9921875,5.1865547694e-11,2.5938717569e-08
167.0898438,4.2551804060e-11,1.7490386104e-08
167.1875,3.0967081820e-11,8.3608442617e-09
167.2851562,1.7639525010e-11,-9.9704643434e-10
167.3828125,3.1803875670e-12,-1.0128076970e-08
167.4804688,-1.1710824240e-11,-1.8596666849e-08
167.578125,-2.6323144352e-11,-2.6007474399e-08
167.6757812,-3.9921333150e-11,-3.2023674680e-08
167.7734375,-5.1830710339e-11,-3.6382068805e-08
167.8710938,-6.1423504383e-11,-3.8904357446e-08
167.96875,-6.8189691609e-11,-3.9504108527e-08
168.0664062,-7.1731119403e-11,-3.8189165869e-08
168.1640625,-7.1820020033e-11,-3.5059469680e-08
168.2617188,-6.8382488331e-11,-3.0300481756e-08
168.359375,-6.1523942889e-11,-2.4172615969e-08
168.4570312,-5.1503168016e-11,-1.6997259770e-08
168.5546875,-3.8767772877e-11,-9.1401251382e-09
168.6523438,-2.3867183821e-11,-9.9278229522e-10
168.75,-7.5042009039e-12,7.0466995795e-09
168.8476562,9.5438568577e-12,1.4593054716e-08
168.9453125,2.6449667655e-11,2.1292137500e-08
169.0429688,4.2386516210e-11,2.6837389802e-08
169.140625,5.6555569477e-11,3.0983701035e-08
169.2382812,6.8222593879e-11,3.3558042845e-08
169.3359375,7.6767482316e-11,3.4466427871e-08
169.4335938,8.1703267256e-11,3.3696927407e-08
169.53125,8.2715075959e-11,3.1318678046e-08
169.6289062,7.9696202680e-11,2.7477001654e-08
169.7265625,7.2696945122e-11,2.2384948218e-08
169.8242188,6.1998471829e-11,1.6311737214e-08
169.921875,4.8035208107e-11,9.5687137947e-09
170.0195312,3.1445547759e-11,2.4935437343e-09
170.1171875,1.2984268671e-11,-4.5665576017e-09
170.2148438,-6.4673305162e-12,-1.1271735957e-08
170.3125,-2.5991512126e-11,-1.7305731009e-08
170.4101562,-4.4615544713e-11,-2.2390662363e-08
170.5078125,-6.1413718544e-11,-2.6299683839e-08
170.6054688,-7.5515326372e-11,-2.8866937288e-08
170.703125,-8.6185707507e-11,-2.9994377838e-08
170.8007812,-9.2828755288e-11,-2.9655201664e-08
170.8984375,-9.5047642025e-11,-2.7893775935e-08
170.9960938,-9.2641351238e-11,-2.4822141277e-08
171.09375,-8.5635887459e-11,-2.0613320633e-08
171.1914062,-7.4288230660e-11,-1.5491818037e-08
171.2890625,-5.9075507329e-11,-9.7218186265e-09
171.3867188,-4.0662304661e-11,-3.5937024531e-09
171.484375,-1.9895373774e-11,2.5904460800e-09
171.5820312,2.2595663944e-12,8.5316157022e-09
171.6796875,2.4738046785e-11,1.3948215375e-08
171.7773438,4.6436342030e-11,1.8589307891e-08
171.875,6.6272136372e-11,2.2246113799e-08
171.9726562,8.3243381979e-11,2.4761264363e-08
172.0703125,9.6456265344e-11,2.6035400881e-08
172.1679688,1.0519324736e-10,2.6030853027e-08
172.265625,1.0893070865e-10,2.4772274934e-08
172.3632812,1.0739306217e-10,2.2344266384e-08
172.4609375,1.0054205659e-10,1.8886151453e-08
172.5585938,8.8627846774e-11,1.4584220354e-08
172.65625,7.2123706468e-11,9.6618568627e-09
172.7539062,5.1758648732e-11,4.3680672437e-09
172.8515625,2.8454293036e-11,-1.0350060038e-09
172.9492188,3.3029568009e-12,-6.2849647270e-09
173.046875,-2.2509957495e-11,-1.1131801822e-08
173.1445312,-4.7708982717e-11,-1.5349709340e-08
173.2421875,-7.1067042129e-11,-1.8747495026e-08
173.3398438,-9.1381959061e-11,-2.1177132135e-08
173.4375,-1.0761172977e-10,-2.2540066184e-08
173.5351562,-1.1886735959e-10,-2.2791017753e-08
173.6328125,-1.2450593223e-10,-2.1939145876e-08
173.7304688,-1.2413887900e-10,-2.0046566513e-08
173.828125,-1.1767269109e-10,-1.7224347914e-08
173.9257812,-1.0529895941e-10,-1.3626224135e-08
174.0234375,-8.7519615014e-11,-9.4403730727e-09
174.1210938,-6.5087906006e-11,-4.8796922368e-09
174.21875,-3.9026160581e-11,-1.7106934533e-10
174.3164062,-1.0532567290e-11,4.4558160142e-09
174.4140625,1.9028562124e-11,8.7796112862e-09
174.5117188,4.8239299366e-11,1.2597796144e-08
174.609375,7.5643347114e-11,1.5736079680e-08
174.7070312,9.9866313598e-11,1.8056257945e-08
174.8046875,1.1965523296e-10,1.9462182762e-08
174.9023438,1.3395644663e-10,1.9903590282e-08
175,1.4195161090e-10,1.9377645796e-08
175.0976562,1.4314113079e-10,1.7928173935e-08
175.1953125,1.3731626691e-10,1.5642655671e-08
175.2929688,1.2463508032e-10,1.2647179374e-08
175.390625,1.0558263834e-10,9.0996283700e-09
175.4882812,8.0976819784e-11,5.1814668137e-09
175.5859375,5.1913135986e-11,1.0885464929e-09
175.6835938,1.9741547529e-11,-2.9786039004e-09
175.78125,-1.4033269664e-11,-6.8245292153e-09
175.8789062,-4.7771219623e-11,-1.0268167568e-08
175.9765625,-7.9819148907e-11,-1.3151298494e-08
176.0742188,-1.0856696191e-10,-1.5345729237e-08
176.171875,-1.3255759171e-10,-1.6758897008e-08
176.2695312,-1.5049317831e-10,-1.7337647624e-08
176.3671875,-1.6139105841e-10,-1.7070043287e-08
176.4648438,-1.6456640633e-10,-1.5985150111e-08
176.5625,-1.5972621637e-10,-1.4150854195e-08
176.6601562,-1.4694293513e-10,-1.1669849185e-08
176.7578125,-1.2670066526e-10,-8.6740235140e-09
176.8554688,-9.9837205957e-11,-5.3175483900e-09
176.953125,-6.7549800001e-11,-1.7690242867e-09
177.0507812,-3.1315972556e-11,1.7969176276e-09
177.1484375,7.1616979851e-12,5.2081441486e-09
177.2460938,4.6037466663e-11,8.3032653387e-09
177.34375,8.3408651670e-11,1.0939204706e-08
177.4414062,1.1741275909e-10,1.2997742383e-08
177.5390625,1.4630967685e-10,1.4390735755e-08
177.6367188,1.6858198825e-10,1.5063791230e-08
177.734375,1.8300884303e-10,1.4998239903e-08
177.8320312,1.8872849171e-10,1.4211354298e-08
177.9296875,1.8528754891e-10,1.2754829399e-08
178.0273438,1.7268376575e-10,1.0711634277e-08
178.125,1.5134731820e-10,8.1914171760e-09
178.2226562,1.2216581789e-10,5.3247130290e-09
178.3203125,8.6410244284e-11,2.2562554123e-09
178.4179688,4.5725083238e-11,-8.6226778650e-10
178.515625,1.9914923661e-12,-3.8796552856e-09
178.6132812,-4.2685828090e-11,-6.6524677132e-09
178.7109375,-8.6138023332e-11,-9.0517899076e-09
178.8085938,-1.2620398744e-10,-1.0969164266e-08
178.90625,-1.6085289246e-10,-1.2321425084e-08
179.0039062,-1.8827233446e-10,-1.3054222012e-08
179.1015625,-2.0698061592e-10,-1.3144087904e-08
179.1992188,-2.1588715910e-10,-1.2598979259e-08
179.296875,-2.1436515893e-10,-1.1457292397e-08
179.3945312,-2.0228014728e-10,-9.7854319168e-09
179.4921875,-1.8003145497e-10,-7.6740762155e-09
179.5898438,-1.4850237020e-10,-5.2333449229e-09
179.6875,-1.0906992441e-10,-2.5871220275e-09
179.7851562,-6.3507707987e-11,1.3317564172e-10
179.8828125,-1.3947374809e-11,2.7950737842e-09
179.9804688,3.7272842480e-11,5.2714431894e-09
180.078125,8.7656757681e-11,7.4465224447e-09
180.1757812,1.3471433779e-10,9.2212778619e-09
180.2734375,1.7607154890e-10,1.0517855079e-08
180.3710938,2.0959200546e-10,1.1282925205e-08
180.46875,2.3346450205e-10,1.1489785437e-08
180.5664062,2.4634120203e-10,1.1139136741e-08
180.6640625,2.4736608854e-10,1.0258526404e-08
180.7617188,2.3626205497e-10,8.9005078413e-09
180.859375,2.1333435094e-10,7.1396308205e-09
180.9570312,1.7948629540e-10,5.0684294499e-09
181.0546875,1.3615816166e-10,2.7926203950e-09
181.1523438,8.5295547710e-11,4.2575773461e-10
181.25,2.9253092668e-11,-1.9163876249e-09
181.3476562,-2.9315387321e-11,-4.1214479362e-09
181.4453125,-8.7590571065e-11,-6.0858072406e-09
181.5429688,-1.4269068582e-10,-7.7194261467e-09
181.640625,-1.9186222075e-10,-8.9499203131e-09
181.7382812,-2.3256739512e-10,-9.7257104107e-09
181.8359375,-2.6264176027e-10,-1.0018109540e-08
181.9335938,-2.8040338963e-10,-9.8222678506e-09
182.03125,-2.8474294443e-10,-9.1569506792e-09
182.1289062,-2.7517755393e-10,-8.0631831995e-09
182.2265625,-2.5191398757e-10,-6.6018485305e-09
182.3242188,-2.1581611298e-10,-4.8503750280e-09
182.421875,-1.6842034757e-10,-2.8986897625e-09
182.5195312,-1.1182235439e-10,-8.4464715891e-10
182.6171875,-4.8635803817e-11,1.2108369300e-09
182.7148438,1.8171677231e-11,3.1687056611e-09
182.8125,8.5389168017e-11,4.9364980443e-09
182.9101562,1.4972342385e-10,6.4326774947e-09
183.0078125,2.0795818290e-10,7.5903513471e-09
183.1054688,2.5711467878e-10,8.3602137811e-09
183.203125,2.9459454166e-10,8.7125852018e-09
183.3007812,3.1833610326e-10,8.6384671007e-09
183.3984375,3.2689982828e-10,8.1495803771e-09
183.4960938,3.1958089222e-10,7.2774047124e-09
183.59375,2.9642215754e-10,6.0712843534e-09
183.6914062,2.5825259639e-10,4.5957094214e-09
183.7890625,2.0665135497e-10,2.9269194653e-09
183.8867188,1.4390220642e-10,1.1490058641e-09
183.984375,7.2856496721e-11,-6.5028958544e-10
184.0820312,-3.1495409632e-12,-2.3838716535e-09
184.1796875,-8.0482771829e-11,-3.9694754095e-09
184.2773438,-1.5536743421e-10,-5.3335372786e-09
184.375,-2.2408360135e-10,-6.4145729219e-09
184.4726562,-2.8312746741e-10,-7.1659085987e-09
184.5703125,-3.2941817099e-10,-7.5576468015e-09
184.6679688,-3.6042991378e-10,-7.5777860671e-09
184.765625,-3.7434586523e-10,-7.2324572068e-09
184.8632812,-3.7014380032e-10,-6.5452814272e-09
184.9609375,-3.4768256818e-10,-5.5558980805e-09
185.0585938,-3.0770509066e-10,-4.3177488080e-09
185.15625,-2.5183879235e-10,-2.8952390764e-09
185.2539062,-1.8250853910e-10,-1.3604257230e-09
185.3515625,-1.0286495274e-10,2.1060081068e-10
185.4492188,-1.6622151483e-11,1.7414594613e-09
185.546875,7.2117903390e-11,3.1591639813e-09
185.6445312,1.5904835960e-10,4.3975744140e-09
185.7421875,2.3985851359e-10,5.4004527504e-09
185.8398438,3.1046757960e-10,6.1239831584e-09
185.9375,3.6719707726e-10,6.5386455527e-09
186.0351562,4.0699784019e-10,6.6303646421e-09
186.1328125,4.2758096989e-10,6.4008928952e-09
186.2304688,4.2756885962e-10,5.8674236609e-09
186.328125,4.0655407214e-10,5.0614677443e-09
186.4257812,3.6516415634e-10,4.0270616891e-09
186.5234375,3.0503345196e-10,2.8184068064e-09
186.6210938,2.2875024375e-10,1.4970636278e-09
186.71875,1.3974188822e-10,1.2884539148e-10
186.8164062,4.2143059320e-11,-1.2194339680e-09
186.9140625,-5.9429401394e-11,-2.4831979244e-09
187.0117188,-1.6006004990e-10,-3.6031757639e-09
187.109375,-2.5479131485e-10,-4.5281567576e-09
187.2070312,-3.3885338193e-10,-5.2173033598e-09
187.3046875,-4.0790786512e-10,-5.6419204707e-09
187.4023438,-4.5827100030e-10,-5.7866058600e-09
187.5,-4.8710776479e-10,-5.6497382123e-09
187.5976562,-4.9258133796e-10,-5.2432918755e-09
187.6953125,-4.7397028730e-10,-4.5920001700e-09
187.7929688,-4.3171453393e-10,-3.7319199495e-09
187.890625,-3.6742982217e-10,-2.7084780810e-09
187.9882812,-2.8384550627e-10,-1.5741037910e-09
188.0859375,-1.8469261753e-10,-3.8556893232e-10
188.1835938,-7.4535965222e-11,7.9883017862e-10
188.28125,4.1424180765e-11,1.9221104801e-09
188.3789062,1.5761367219e-10,2.9313224224e-09
188.4765625,2.6831740754e-10,3.7800238783e-09
188.5742188,3.6800693681e-10,4.4303933009e-09
188.671875,4.5155710107e-10,4.8548871389e-09
188.7695312,5.1456344751e-10,5.0373704441e-09
188.8671875,5.5351792130e-10,4.9736761893e-09
188.9648438,5.6604808403e-10,4.6715773474e-09
189.0625,5.5101594255e-10,4.1501842163e-09
189.1601562,5.0862954474e-10,3.4388070921e-09
189.2578125,4.4043447208e-10,2.5753492176e-09
189.3554688,3.4927781105e-10,1.6043164914e-09
189.453125,2.3918710855e-10,5.7454706495e-10
189.5507812,1.1520409403e-10,-4.6322435038e-10
189.6484375,-1.6854486715e-11,-1.4588470487e-09
189.7460938,-1.5065752114e-10,-2.3651593103e-09
189.84375,-2.7966830401e-10,-3.1402034675e-09
189.9414062,-3.9745640291e-10,-3.7491478731e-09
190.0390625,-4.9801510531e-10,-4.1658288710e-09
190.1367188,-5.7607417603e-10,-4.3738456448e-09
190.234375,-6.2735972534e-10,-4.3671638385e-09
190.3320312,-6.4883047250e-10,-4.1502081574e-09
190.4296875,-6.3884977656e-10,-3.7374493511e-09
190.5273438,-5.9729494264e-10,-3.1525150406e-09
190.625,-5.2559312265e-10,-2.4268764270e-09
190.7226562,-4.2668385715e-10,-1.5981821574e-09
190.8203125,-3.0488508377e-10,-7.0832646367e-10
190.9179688,-1.6574337432e-10,1.9865037724e-10
191.015625,-1.5748657831e-11,1.0787248019e-09
191.1132812,1.3794584968e-10,1.8900106376e-09
191.2109375,2.8785394784e-10,2.5947362248e-09
191.3085938,4.2654659971e-10,3.1609855833e-09
191.40625,5.4698833753e-10,3.5641241348e-09
191.5039062,6.4291544408e-10,3.7878464329e-09
191.6015625,7.0913130171e-10,3.8248025331e-09
191.6992188,7.4180800857e-10,3.6767809921e-09
191.796875,7.3868532636e-10,3.3544480364e-09
191.8945312,6.9922003642e-10,2.8766640657e-09
191.9921875,6.2464143539e-10,2.2694183786e-09
192.0898438,5.1792906724e-10,1.5644408584e-09
192.1875,3.8369606025e-10,7.9756355874e-10
192.2851562,2.2800475341e-10,6.9160248721e-12
192.3828125,5.8082453849e-11,-7.6895564896e-10
192.4804688,-1.1800193751e-10,-1.4929538242e-09
192.578125,-2.9172376637e-10,-2.1311889624e-09
192.6757812,-4.5449706440e-10,-2.6545510203e-09
192.7734375,-5.9812403101e-10,-3.0400206133e-09
192.8710938,-7.1517004777e-10,-3.2716616223e-09
192.96875,-7.9936824495e-10,-3.3412536403e-09
193.0664062,-8.4594216838e-10,-3.2485405382e-09
193.1640625,-8.5187757040e-10,-3.0010906444e-09
193.2617188,-8.1608466649e-10,-2.6137825620e-09
193.359375,-7.3951338037e-10,-2.1079486843e-09
193.4570312,-6.2512545090e-10,-1.5102240779e-09
193.5546875,-4.7780512756e-10,-8.5116196008e-10
193.6523438,-3.0414506745e-10,-1.6368679470e-10
193.75,-1.1216761321e-10,5.1853722282e-10
193.8476562,8.9062572802e-11,1.1627422126e-09
193.9453125,2.8983800784e-10,1.7386181393e-09
194.0429688,4.8029183336e-10,2.2197261584e-09
194.140625,6.5086488687e-10,2.5846983759e-09
194.2382812,7.9279230048e-10,2.8181704445e-09
194.3359375,8.9854207677e-10,2.9114070263e-09
194.4335938,9.6222060111e-10,2.8625960043e-09
194.53125,9.7987899684e-10,2.6768034495e-09
194.6289062,9.4975418580e-10,2.3655981461e-09
194.7265625,8.7239319873e-10,1.9463699278e-09
194.8242188,7.5067823258e-10,1.4413806703e-09
194.921875,5.8971633319e-10,8.7659861554e-10
195.0195312,3.9665446385e-10,2.8037648462e-10
195.1171875,1.8034785602e-10,-3.1796010751e-10
195.2148438,-4.9026287275e-11,-8.8954405517e-10
195.3125,-2.8046370852e-10,-1.4073488015e-09
195.4101562,-5.0263096479e-10,-1.8474552130e-09
195.5078125,-7.0444464018e-10,-2.1901446168e-09
195.6054688,-8.7558352903e-10,-2.4207684976e-09
195.703125,-1.0070513900e-09,-2.5303573882e-09
195.8007812,-1.0916178346e-09,-2.5159444351e-09
195.8984375,-1.1242176145e-09,-2.3805936705e-09
195.9960938,-1.1022343427e-09,-2.1331371034e-09
196.09375,-1.0256833953e-09,-1.7876390295e-09
196.1914062,-8.9726357199e-10,-1.3626184109e-09
196.2890625,-7.2227535733e-10,-8.8007158509e-10
196.3867188,-5.0839614899e-10,-3.6434602888e-10
196.484375,-2.6538256812e-10,1.5907754137e-10
196.5820312,-4.5969735029e-12,6.6483448131e-10
196.6796875,2.6149252271e-10,1.1288959759e-09
196.7773438,5.1992400702e-10,1.5297012191e-09
196.875,7.5785285656e-10,1.8491489643e-09
196.9726562,9.6319409453e-10,2.0734035424e-09
197.0703125,1.1252276247e-09,2.1934798791e-09
197.1679688,1.2351489926e-09,2.2055837314e-09
197.265625,1.2865455334e-09,2.1111952467e-09
197.3632812,1.2757532636e-09,1.9168969073e-09
197.4609375,1.2020883950e-09,1.6339588492e-09
197.5585938,1.0679461104e-09,1.2777063566e-09
197.65625,8.7873618909e-10,8.6670398007e-10
197.7539062,6.4268129289e-10,4.2179927873e-10
197.8515625,3.7045751666e-10,-3.4925250000e-11
197.9492188,7.4739033008e-11,-4.8123961356e-10
198.046875,-2.3041788092e-10,-8.9584018967e-10
198.1445312,-5.3020067229e-10,-1.2593583425e-09
198.2421875,-8.0977944807e-10,-1.5552566389e-09
198.3398438,-1.0550301508e-09,-1.7705714376e-09
198.4375,-1.2532453337e-09,-1.8964692089e-09
198.5351562,-1.3937627729e-09,-1.9285931424e-09
198.6328125,-1.4685580629e-09,-1.8671875526e-09
198.7304688,-1.4726854672e-09,-1.7169981315e-09
198.828125,-1.4045568267e-09,-1.4869573429e-09
198.9257812,-1.2661171640e-09,-1.1896740145e-09
199.0234375,-1.0627909954e-09,-8.4075566675e-10
199.1210938,-8.0330271016e-10,-4.5799921758e-10
199.21875,-4.9930494168e-10,-6.0491774671e-11
199.3164062,-1.6485498980e-10,3.3233365183e-10
199.4140625,1.8420045491e-10,7.0164095148e-10
199.5117188,5.3101501217e-10,1.0300870477e-09
199.609375,8.5849805090e-10,1.3026288690e-09
199.7070312,1.1501982970e-09,1.5072041974e-09
199.8046875,1.3910868863e-09,1.6352557859e-09
199.9023438,1.5683407436e-09,1.6820767068e-09
